[14May2025 15:37:58.331] [main/INFO] [cpw.mods.modlauncher.Launcher/MODLAUNCHER]: ModLauncher running: args [--launchTarget, forgeserver, --fml.forgeVersion, 47.4.0, --fml.mcVersion, 1.20.1, --fml.forgeGroup, net.minecraftforge, --fml.mcpVersion, 20230612.114412]
[14May2025 15:37:58.335] [main/INFO] [cpw.mods.modlauncher.Launcher/MODLAUNCHER]: ModLauncher 10.0.9+10.0.9+main.dcd20f30 starting: java version 23.0.2 by Oracle Corporation; OS Windows 11 arch amd64 version 10.0
[14May2025 15:37:58.908] [main/INFO] [net.minecraftforge.fml.loading.ImmediateWindowHandler/]: ImmediateWindowProvider not loading because launch target is forgeserver
[14May2025 15:37:58.960] [main/INFO] [mixin/]: SpongePowered MIXIN Subsystem Version=0.8.5 Source=union:/D:/Cave%20Horror%201.20.1%20v2.2.1-Server_Pack/libraries/org/spongepowered/mixin/0.8.5/mixin-0.8.5.jar%2365!/ Service=ModLauncher Env=SERVER
[14May2025 15:37:59.341] [main/WARN] [net.minecraftforge.fml.loading.moddiscovery.ModFileParser/LOADING]: Mod file D:\Cave Horror 1.20.1 v2.2.1-Server_Pack\libraries\net\minecraftforge\fmlcore\1.20.1-47.4.0\fmlcore-1.20.1-47.4.0.jar is missing mods.toml file
[14May2025 15:37:59.343] [main/WARN] [net.minecraftforge.fml.loading.moddiscovery.ModFileParser/LOADING]: Mod file D:\Cave Horror 1.20.1 v2.2.1-Server_Pack\libraries\net\minecraftforge\javafmllanguage\1.20.1-47.4.0\javafmllanguage-1.20.1-47.4.0.jar is missing mods.toml file
[14May2025 15:37:59.345] [main/WARN] [net.minecraftforge.fml.loading.moddiscovery.ModFileParser/LOADING]: Mod file D:\Cave Horror 1.20.1 v2.2.1-Server_Pack\libraries\net\minecraftforge\lowcodelanguage\1.20.1-47.4.0\lowcodelanguage-1.20.1-47.4.0.jar is missing mods.toml file
[14May2025 15:37:59.347] [main/WARN] [net.minecraftforge.fml.loading.moddiscovery.ModFileParser/LOADING]: Mod file D:\Cave Horror 1.20.1 v2.2.1-Server_Pack\libraries\net\minecraftforge\mclanguage\1.20.1-47.4.0\mclanguage-1.20.1-47.4.0.jar is missing mods.toml file
[14May2025 15:37:59.861] [main/INFO] [net.minecraftforge.fml.loading.moddiscovery.JarInJarDependencyLocator/]: Found 30 dependencies adding them to mods collection
[14May2025 15:38:00.150] [main/INFO] [org.groovymc.gml.mappings.MappingsProvider/]: Starting runtime mappings setup...
[14May2025 15:38:00.169] [main/INFO] [org.groovymc.gml.internal.locator.ModLocatorInjector/]: Injecting ScriptModLocator candidates...
[14May2025 15:38:00.185] [main/INFO] [org.groovymc.gml.scriptmods.ScriptModLocator/]: Injected Jimfs file system
[14May2025 15:38:00.192] [main/INFO] [org.groovymc.gml.scriptmods.ScriptModLocator/]: Skipped loading script mods from directory D:\Cave Horror 1.20.1 v2.2.1-Server_Pack\mods\scripts as it did not exist.
[14May2025 15:38:00.201] [main/INFO] [org.groovymc.gml.internal.locator.ModLocatorInjector/]: Injected ScriptModLocator mod candidates. Found 0 valid mod candidates and 0 broken mod files.
[14May2025 15:38:01.351] [GML Mappings Thread/INFO] [org.groovymc.gml.mappings.MappingsProvider/]: Loaded runtime mappings in 1039ms
[14May2025 15:38:01.352] [GML Mappings Thread/INFO] [org.groovymc.gml.mappings.MappingsProvider/]: Finished runtime mappings setup.
[14May2025 15:38:02.402] [main/INFO] [mixin/]: Compatibility level set to JAVA_17
[14May2025 15:38:02.453] [main/ERROR] [mixin/]: Mixin config crashexploitfixer.mixins.json does not specify "minVersion" property
[14May2025 15:38:02.638] [main/INFO] [mixin/]: Successfully loaded Mixin Connector [com.sonicether.soundphysics.MixinConnector]
[14May2025 15:38:02.640] [main/INFO] [cpw.mods.modlauncher.LaunchServiceHandler/MODLAUNCHER]: Launching target 'forgeserver' with arguments []
[14May2025 15:38:02.669] [main/INFO] [com.abdelaziz.saturn.common.Saturn/]: Loaded Saturn config file with 4 configurable options
[14May2025 15:38:02.800] [main/INFO] [ModernFix/]: Loaded configuration file for ModernFix 5.21.0+mc1.20.1: 88 options available, 0 override(s) found
[14May2025 15:38:02.801] [main/INFO] [ModernFix/]: Applying Nashorn fix
[14May2025 15:38:02.822] [main/INFO] [ModernFix/]: Applied Forge config corruption patch
[14May2025 15:38:02.961] [main/WARN] [mixin/]: Reference map 'carrasconlib-common-common-refmap.json' for carrasconlib.mixins.json could not be read. If this is a development environment you can ignore this message
[14May2025 15:38:03.011] [main/INFO] [Radium Config/]: Loaded configuration file for Radium: 125 options available, 0 override(s) found
[14May2025 15:38:03.021] [main/WARN] [mixin/]: Reference map 'graveyard-FORGE-forge-refmap.json' for graveyard-forge.mixins.json could not be read. If this is a development environment you can ignore this message
[14May2025 15:38:03.037] [main/WARN] [mixin/]: Reference map 'mixins.sons_of_sins.refmap.json' for mixins.sons_of_sins.json could not be read. If this is a development environment you can ignore this message
[14May2025 15:38:03.080] [main/WARN] [mixin/]: Reference map 'farmersrespite.refmap.json' for farmersrespite.mixins.json could not be read. If this is a development environment you can ignore this message
[14May2025 15:38:03.081] [main/WARN] [mixin/]: Reference map 'structurecredits-common-refmap.json' for structurecredits-common.mixins.json could not be read. If this is a development environment you can ignore this message
[14May2025 15:38:03.602] [main/INFO] [net.minecraftforge.coremod.CoreMod.placebo/COREMODLOG]: Patching IForgeItemStack#getEnchantmentLevel
[14May2025 15:38:03.633] [main/INFO] [net.minecraftforge.coremod.CoreMod.placebo/COREMODLOG]: Patching IForgeItemStack#getEnchantmentLevel
[14May2025 15:38:03.670] [main/INFO] [com.cupboard.Cupboard/]: Loaded config for: structureessentials.json
[14May2025 15:38:03.870] [main/WARN] [mixin/]: Error loading class: com/simibubi/create/content/fluids/spout/FillingBySpout (java.lang.ClassNotFoundException: com.simibubi.create.content.fluids.spout.FillingBySpout)
[14May2025 15:38:04.593] [main/INFO] [dev.uncandango.alltheleaks.AllTheLeaks/]: Skipping issue ItemStackCreationStatistics from mod jei as it's dev only!
[14May2025 15:38:04.594] [main/INFO] [dev.uncandango.alltheleaks.AllTheLeaks/]: Class dev.uncandango.alltheleaks.leaks.common.mods.travelersbackpack.UntrackedIssue002 will NOT be loaded as mod travelersbackpack is not present
[14May2025 15:38:04.596] [main/INFO] [dev.uncandango.alltheleaks.AllTheLeaks/]: Class dev.uncandango.alltheleaks.leaks.common.mods.travelersbackpack.UntrackedIssue001 will NOT be loaded as mod travelersbackpack is not present
[14May2025 15:38:04.596] [main/INFO] [dev.uncandango.alltheleaks.AllTheLeaks/]: Class dev.uncandango.alltheleaks.leaks.common.mods.toolbelt.UntrackedIssue001 will NOT be loaded as mod toolbelt is not present
[14May2025 15:38:04.596] [main/INFO] [dev.uncandango.alltheleaks.AllTheLeaks/]: Class dev.uncandango.alltheleaks.leaks.common.mods.tfcthermaldeposits.UntrackedIssue001 will NOT be loaded as mod tfcthermaldeposits is not present
[14May2025 15:38:04.597] [main/INFO] [dev.uncandango.alltheleaks.AllTheLeaks/]: Class dev.uncandango.alltheleaks.leaks.common.mods.smallships.UntrackedIssue001 will NOT be loaded as mod smallships is not present
[14May2025 15:38:04.597] [main/INFO] [dev.uncandango.alltheleaks.AllTheLeaks/]: Class dev.uncandango.alltheleaks.leaks.common.mods.sereneseasons.UntrackedIssue001 will NOT be loaded as mod sereneseasons is not present
[14May2025 15:38:04.597] [main/INFO] [dev.uncandango.alltheleaks.AllTheLeaks/]: Class dev.uncandango.alltheleaks.leaks.common.mods.railcraft.UntrackedIssue001 will NOT be loaded as mod railcraft is not present
[14May2025 15:38:04.597] [main/INFO] [dev.uncandango.alltheleaks.AllTheLeaks/]: Class dev.uncandango.alltheleaks.leaks.common.mods.pneumaticcraft.UntrackedIssue001 will NOT be loaded as mod pneumaticcraft is not present
[14May2025 15:38:04.597] [main/INFO] [dev.uncandango.alltheleaks.AllTheLeaks/]: Class dev.uncandango.alltheleaks.leaks.common.mods.phosphophyllite.UntrackedIssue001 will NOT be loaded as mod phosphophyllite is not present
[14May2025 15:38:04.598] [main/INFO] [dev.uncandango.alltheleaks.AllTheLeaks/]: Class dev.uncandango.alltheleaks.leaks.common.mods.occultism.UntrackedIssue001 will NOT be loaded as mod occultism is not present
[14May2025 15:38:04.598] [main/INFO] [dev.uncandango.alltheleaks.AllTheLeaks/]: Class dev.uncandango.alltheleaks.leaks.common.mods.moonlight.UntrackedIssue001 will NOT be loaded as mod moonlight is not present
[14May2025 15:38:04.598] [main/INFO] [dev.uncandango.alltheleaks.AllTheLeaks/]: Class dev.uncandango.alltheleaks.leaks.common.mods.minecraft.UntrackedIssue002 will be loaded as it matches versions: 1.20.1 in 1.20.1
[14May2025 15:38:04.599] [main/INFO] [dev.uncandango.alltheleaks.AllTheLeaks/]: Mixins added to allowed list: [main.EntityTickListMixin]
[14May2025 15:38:04.599] [main/INFO] [dev.uncandango.alltheleaks.AllTheLeaks/]: Class dev.uncandango.alltheleaks.leaks.common.mods.minecraft.UntrackedIssue001 will be loaded as it matches versions: 1.20.1 in 1.20.1
[14May2025 15:38:04.599] [main/INFO] [dev.uncandango.alltheleaks.AllTheLeaks/]: Class dev.uncandango.alltheleaks.leaks.common.mods.irons_spellbooks.UntrackedIssue001 will NOT be loaded as mod irons_spellbooks is not present
[14May2025 15:38:04.600] [main/INFO] [dev.uncandango.alltheleaks.AllTheLeaks/]: Class dev.uncandango.alltheleaks.leaks.common.mods.forge.UntrackedIssue003 will be loaded as it matches versions: 47.4.0 in [47.2,)
[14May2025 15:38:04.600] [main/INFO] [dev.uncandango.alltheleaks.AllTheLeaks/]: Class dev.uncandango.alltheleaks.leaks.common.mods.forge.UntrackedIssue002 will be loaded as it matches versions: 47.4.0 in [47.2,)
[14May2025 15:38:04.601] [main/INFO] [dev.uncandango.alltheleaks.AllTheLeaks/]: Mixins added to allowed list: [accessor.FakePlayerNetHandlerAccessor, accessor.ConnectionAccessor]
[14May2025 15:38:04.601] [main/INFO] [dev.uncandango.alltheleaks.AllTheLeaks/]: Class dev.uncandango.alltheleaks.leaks.common.mods.forge.UntrackedIssue001 will be loaded as it matches versions: 47.4.0 in [47.2,)
[14May2025 15:38:04.602] [main/INFO] [dev.uncandango.alltheleaks.AllTheLeaks/]: Mixins added to allowed list: [main.ServerPlayerMixin, main.PlayerListMixin]
[14May2025 15:38:04.602] [main/INFO] [dev.uncandango.alltheleaks.AllTheLeaks/]: Class dev.uncandango.alltheleaks.leaks.common.mods.forbidden_arcanus.UntrackedIssue001 will NOT be loaded as mod forbidden_arcanus is not present
[14May2025 15:38:04.603] [main/INFO] [dev.uncandango.alltheleaks.AllTheLeaks/]: Class dev.uncandango.alltheleaks.leaks.common.mods.domesticationinnovation.UntrackedIssue001 will NOT be loaded as mod domesticationinnovation is not present
[14May2025 15:38:04.603] [main/INFO] [dev.uncandango.alltheleaks.AllTheLeaks/]: Class dev.uncandango.alltheleaks.leaks.common.mods.curios.UntrackedIssue001 will NOT be loaded as mod curios is not present
[14May2025 15:38:04.604] [main/INFO] [dev.uncandango.alltheleaks.AllTheLeaks/]: Class dev.uncandango.alltheleaks.leaks.common.mods.createaddition.UntrackedIssue001 will NOT be loaded as mod createaddition is not present
[14May2025 15:38:04.604] [main/INFO] [dev.uncandango.alltheleaks.AllTheLeaks/]: Class dev.uncandango.alltheleaks.leaks.common.mods.create.UntrackedIssue001 will NOT be loaded as mod create is not present
[14May2025 15:38:04.604] [main/INFO] [dev.uncandango.alltheleaks.AllTheLeaks/]: Class dev.uncandango.alltheleaks.leaks.common.mods.citadel.UntrackedIssue001 will be loaded as it matches versions: 2.6.1 in [2.5.4,)
[14May2025 15:38:04.604] [main/INFO] [dev.uncandango.alltheleaks.AllTheLeaks/]: Class dev.uncandango.alltheleaks.leaks.common.mods.betterf3.UntrackedIssue001 will NOT be loaded as mod betterf3 is not present
[14May2025 15:38:04.604] [main/INFO] [dev.uncandango.alltheleaks.AllTheLeaks/]: Class dev.uncandango.alltheleaks.leaks.common.mods.badpackets.UntrackedIssue001 will NOT be loaded as mod badpackets is not present
[14May2025 15:38:04.605] [main/INFO] [dev.uncandango.alltheleaks.AllTheLeaks/]: Class dev.uncandango.alltheleaks.leaks.common.mods.ars_nouveau.UntrackedIssue002 will NOT be loaded as mod ars_nouveau is not present
[14May2025 15:38:04.605] [main/INFO] [dev.uncandango.alltheleaks.AllTheLeaks/]: Class dev.uncandango.alltheleaks.leaks.common.mods.ars_nouveau.UntrackedIssue001 will NOT be loaded as mod ars_nouveau is not present
[14May2025 15:38:04.605] [main/INFO] [dev.uncandango.alltheleaks.AllTheLeaks/]: Class dev.uncandango.alltheleaks.leaks.common.mods.architectury.UntrackedIssue001 will be loaded as it matches versions: 9.2.14 in [9.0.8,)
[14May2025 15:38:04.606] [main/INFO] [dev.uncandango.alltheleaks.AllTheLeaks/]: Class dev.uncandango.alltheleaks.leaks.common.mods.alexsmobs.Issue2165 will be loaded as it matches versions: 1.22.9 in [1.22.5,)
[14May2025 15:38:04.606] [main/INFO] [dev.uncandango.alltheleaks.AllTheLeaks/]: Class dev.uncandango.alltheleaks.leaks.common.mods.aether.UntrackedIssue001 will NOT be loaded as mod aether is not present
[14May2025 15:38:04.606] [main/INFO] [dev.uncandango.alltheleaks.AllTheLeaks/]: Class dev.uncandango.alltheleaks.leaks.common.mods.ae2wtlib.UntrackedIssue001 will NOT be loaded as mod ae2wtlib is not present
[14May2025 15:38:04.606] [main/INFO] [dev.uncandango.alltheleaks.AllTheLeaks/]: Skipping issue [untracked] from mod twilightforest as it is client side only!
[14May2025 15:38:04.606] [main/INFO] [dev.uncandango.alltheleaks.AllTheLeaks/]: Skipping issue [untracked] from mod travelersbackpack as it is client side only!
[14May2025 15:38:04.606] [main/INFO] [dev.uncandango.alltheleaks.AllTheLeaks/]: Skipping issue [untracked] from mod tombstone as it is client side only!
[14May2025 15:38:04.606] [main/INFO] [dev.uncandango.alltheleaks.AllTheLeaks/]: Skipping issue [untracked] from mod sereneseasons as it is client side only!
[14May2025 15:38:04.608] [main/INFO] [dev.uncandango.alltheleaks.AllTheLeaks/]: Skipping issue [untracked] from mod pneumaticcraft as it is client side only!
[14May2025 15:38:04.608] [main/INFO] [dev.uncandango.alltheleaks.AllTheLeaks/]: Skipping issue [untracked] from mod nuclearcraft as it is client side only!
[14May2025 15:38:04.609] [main/INFO] [dev.uncandango.alltheleaks.AllTheLeaks/]: Skipping issue [untracked] from mod mowziesmobs as it is client side only!
[14May2025 15:38:04.609] [main/INFO] [dev.uncandango.alltheleaks.AllTheLeaks/]: Skipping issue [untracked] from mod mowziesmobs as it is client side only!
[14May2025 15:38:04.609] [main/INFO] [dev.uncandango.alltheleaks.AllTheLeaks/]: Skipping issue [untracked] from mod mousetweaks as it is client side only!
[14May2025 15:38:04.609] [main/INFO] [dev.uncandango.alltheleaks.AllTheLeaks/]: Skipping issue [untracked] from mod mna as it is client side only!
[14May2025 15:38:04.609] [main/INFO] [dev.uncandango.alltheleaks.AllTheLeaks/]: Skipping issue [untracked] from mod minecraft as it is client side only!
[14May2025 15:38:04.609] [main/INFO] [dev.uncandango.alltheleaks.AllTheLeaks/]: Skipping issue [untracked] from mod minecraft as mod modernfix is present!
[14May2025 15:38:04.609] [main/INFO] [dev.uncandango.alltheleaks.AllTheLeaks/]: Skipping issue [untracked] from mod minecolonies as it is client side only!
[14May2025 15:38:04.610] [main/INFO] [dev.uncandango.alltheleaks.AllTheLeaks/]: Skipping issue [untracked] from mod minecolonies as it is client side only!
[14May2025 15:38:04.610] [main/INFO] [dev.uncandango.alltheleaks.AllTheLeaks/]: Skipping issue [untracked] from mod ldlib as it is client side only!
[14May2025 15:38:04.610] [main/INFO] [dev.uncandango.alltheleaks.AllTheLeaks/]: Skipping issue [untracked] from mod journeymap as it is client side only!
[14May2025 15:38:04.610] [main/INFO] [dev.uncandango.alltheleaks.AllTheLeaks/]: Skipping issue [untracked] from mod jeresources as it is client side only!
[14May2025 15:38:04.611] [main/INFO] [dev.uncandango.alltheleaks.AllTheLeaks/]: Skipping issue [untracked] from mod jei as it is client side only!
[14May2025 15:38:04.611] [main/INFO] [dev.uncandango.alltheleaks.AllTheLeaks/]: Skipping issue [untracked] from mod jei as it is client side only!
[14May2025 15:38:04.612] [main/INFO] [dev.uncandango.alltheleaks.AllTheLeaks/]: Skipping issue [untracked] from mod irons_spellbooks as it is client side only!
[14May2025 15:38:04.613] [main/INFO] [dev.uncandango.alltheleaks.AllTheLeaks/]: Skipping issue [untracked] from mod irons_spellbooks as it is client side only!
[14May2025 15:38:04.613] [main/INFO] [dev.uncandango.alltheleaks.AllTheLeaks/]: Skipping issue [untracked] from mod iceberg as it is client side only!
[14May2025 15:38:04.613] [main/INFO] [dev.uncandango.alltheleaks.AllTheLeaks/]: Skipping issue [untracked] from mod iceberg as it is client side only!
[14May2025 15:38:04.614] [main/INFO] [dev.uncandango.alltheleaks.AllTheLeaks/]: Skipping issue [untracked] from mod iceberg as it is client side only!
[14May2025 15:38:04.614] [main/INFO] [dev.uncandango.alltheleaks.AllTheLeaks/]: Skipping issue [untracked] from mod geckolib as it is client side only!
[14May2025 15:38:04.615] [main/INFO] [dev.uncandango.alltheleaks.AllTheLeaks/]: Skipping issue [untracked] from mod ftblibrary as it is client side only!
[14May2025 15:38:04.615] [main/INFO] [dev.uncandango.alltheleaks.AllTheLeaks/]: Skipping issue [untracked] from mod flywheel as it is client side only!
[14May2025 15:38:04.616] [main/INFO] [dev.uncandango.alltheleaks.AllTheLeaks/]: Skipping issue [untracked] from mod findme as it is client side only!
[14May2025 15:38:04.617] [main/INFO] [dev.uncandango.alltheleaks.AllTheLeaks/]: Skipping issue [untracked] from mod entity_texture_features as it is client side only!
[14May2025 15:38:04.617] [main/INFO] [dev.uncandango.alltheleaks.AllTheLeaks/]: Skipping issue [untracked] from mod entity_model_features as it is client side only!
[14May2025 15:38:04.617] [main/INFO] [dev.uncandango.alltheleaks.AllTheLeaks/]: Skipping issue [untracked] from mod emi_loot as it is client side only!
[14May2025 15:38:04.617] [main/INFO] [dev.uncandango.alltheleaks.AllTheLeaks/]: Skipping issue [untracked] from mod emi as it is client side only!
[14May2025 15:38:04.617] [main/INFO] [dev.uncandango.alltheleaks.AllTheLeaks/]: Skipping issue [untracked] from mod easy_villagers as it is client side only!
[14May2025 15:38:04.618] [main/INFO] [dev.uncandango.alltheleaks.AllTheLeaks/]: Skipping issue [untracked] from mod difficultylock as it is client side only!
[14May2025 15:38:04.618] [main/INFO] [dev.uncandango.alltheleaks.AllTheLeaks/]: Skipping issue [untracked] from mod cyclopscore as it is client side only!
[14May2025 15:38:04.618] [main/INFO] [dev.uncandango.alltheleaks.AllTheLeaks/]: Skipping issue [untracked] from mod corpse as it is client side only!
[14May2025 15:38:04.618] [main/INFO] [dev.uncandango.alltheleaks.AllTheLeaks/]: Skipping issue [untracked] from mod citadel as it is client side only!
[14May2025 15:38:04.619] [main/INFO] [dev.uncandango.alltheleaks.AllTheLeaks/]: Skipping issue [untracked] from mod blue_skies as it is client side only!
[14May2025 15:38:04.619] [main/INFO] [dev.uncandango.alltheleaks.AllTheLeaks/]: Skipping issue [untracked] from mod beansbackpacks as it is client side only!
[14May2025 15:38:04.619] [main/INFO] [dev.uncandango.alltheleaks.AllTheLeaks/]: Skipping issue [untracked] from mod badpackets as it is client side only!
[14May2025 15:38:04.620] [main/INFO] [dev.uncandango.alltheleaks.AllTheLeaks/]: Skipping issue [untracked] from mod ae2wtlib as it is client side only!
[14May2025 15:38:04.620] [main/INFO] [dev.uncandango.alltheleaks.AllTheLeaks/]: Skipping issue [untracked] from mod ae2wtlib as it is client side only!
[14May2025 15:38:04.620] [main/INFO] [dev.uncandango.alltheleaks.AllTheLeaks/]: Class dev.uncandango.alltheleaks.fix.common.mods.modernfix.CancelRLMixin will be loaded as it matches versions: 5.21.0+mc1.20.1 in [5.0.0,)
[14May2025 15:38:04.621] [main/INFO] [dev.uncandango.alltheleaks.AllTheLeaks/]: Mixins added to cancel list: [org.embeddedt.modernfix.common.mixin.perf.deduplicate_location.MixinResourceLocation]
[14May2025 15:38:04.625] [main/INFO] [dev.uncandango.alltheleaks.AllTheLeaks/]: Skipping feature ResourceLocation Deduplication from mod minecraft as it's feature flag is not activated!
[14May2025 15:38:04.626] [main/INFO] [dev.uncandango.alltheleaks.AllTheLeaks/]: Skipping feature Ingredient Deduplication from mod minecraft as it's feature flag is not activated!
[14May2025 15:38:04.626] [main/INFO] [dev.uncandango.alltheleaks.AllTheLeaks/]: Skipping feature Prevent Search Ignored Items from mod jei as it's feature flag is not activated!
[14May2025 15:38:04.915] [main/INFO] [MixinExtras|Service/]: Initializing MixinExtras via com.llamalad7.mixinextras.service.MixinExtrasServiceImpl(version=0.4.1).
[14May2025 15:38:06.460] [main/INFO] [net.minecraft.server.Bootstrap/]: ModernFix reached bootstrap stage (9.805 s after launch)
[14May2025 15:38:06.603] [main/WARN] [mixin/]: @Final field delegatesByName:Ljava/util/Map; in modernfix-forge.mixins.json:perf.forge_registry_alloc.ForgeRegistryMixin should be final
[14May2025 15:38:06.605] [main/WARN] [mixin/]: @Final field delegatesByValue:Ljava/util/Map; in modernfix-forge.mixins.json:perf.forge_registry_alloc.ForgeRegistryMixin should be final
[14May2025 15:38:06.698] [main/INFO] [ModernFix/]: Injecting BlockStateBase cache population hook into getNeighborPathNodeType from me.jellysquid.mods.lithium.mixin.ai.pathing.AbstractBlockStateMixin
[14May2025 15:38:06.699] [main/INFO] [ModernFix/]: Injecting BlockStateBase cache population hook into getPathNodeType from me.jellysquid.mods.lithium.mixin.ai.pathing.AbstractBlockStateMixin
[14May2025 15:38:06.699] [main/INFO] [ModernFix/]: Injecting BlockStateBase cache population hook into getAllFlags from me.jellysquid.mods.lithium.mixin.util.block_tracking.AbstractBlockStateMixin
[14May2025 15:38:08.437] [main/INFO] [net.minecraftforge.coremod.CoreMod.placebo/COREMODLOG]: Patching IForgeItemStack#getEnchantmentLevel
[14May2025 15:38:08.439] [main/INFO] [net.minecraftforge.coremod.CoreMod.placebo/COREMODLOG]: Patching IForgeItemStack#getEnchantmentLevel
[14May2025 15:38:08.450] [main/INFO] [net.minecraftforge.coremod.CoreMod.placebo/COREMODLOG]: Patching IForgeItemStack#getEnchantmentLevel
[14May2025 15:38:08.452] [main/INFO] [net.minecraftforge.coremod.CoreMod.placebo/COREMODLOG]: Patching IForgeItemStack#getEnchantmentLevel
[14May2025 15:38:08.523] [main/INFO] [net.minecraft.server.Bootstrap/]: Vanilla bootstrap took 2053 milliseconds
[14May2025 15:38:10.523] [main/WARN] [mixin/]: @Inject(@At("INVOKE_ASSIGN")) Shift.BY=2 on refurbished_furniture.common.mixins.json:LevelChunkMixin::handler$zki000$refurbishedFurniture$AfterRemoveBlockEntity exceeds the maximum allowed value: 0. Increase the value of maxShiftBy to suppress this warning.
[14May2025 15:38:12.838] [main/WARN] [mixin/]: Method overwrite conflict for m_47505_ in lithium.mixins.json:world.temperature_cache.BiomeMixin, previously written by org.embeddedt.modernfix.common.mixin.perf.remove_biome_temperature_cache.BiomeMixin. Skipping method.
[14May2025 15:38:13.335] [main/INFO] [org.groovymc.gml.internal.ModExtensionLoader/]: Skipping extension class org.groovymc.cgl.api.extension.client.MinecraftExtensions: it requires dist CLIENT, but we're running on DEDICATED_SERVER
[14May2025 15:38:13.797] [modloading-worker-0/INFO] [de.keksuccino.melody.Melody/]: [MELODY] Disabling Melody since it's loaded server-side.
[14May2025 15:38:13.810] [modloading-worker-0/INFO] [de.keksuccino.konkrete.Konkrete/]: [KONKRETE] Successfully initialized!
[14May2025 15:38:13.810] [modloading-worker-0/INFO] [de.keksuccino.konkrete.Konkrete/]: [KONKRETE] Server-side libs ready to use!
[14May2025 15:38:13.871] [modloading-worker-0/INFO] [gml/]: Initialised GML mod. Version: 4.0.9
[14May2025 15:38:13.979] [modloading-worker-0/INFO] [Bookshelf/]: Fixing MC-151457. Crafting remainder for minecraft:pufferfish_bucket is now minecraft:bucket.
[14May2025 15:38:13.979] [modloading-worker-0/INFO] [Bookshelf/]: Fixing MC-151457. Crafting remainder for minecraft:salmon_bucket is now minecraft:bucket.
[14May2025 15:38:13.979] [modloading-worker-0/INFO] [Bookshelf/]: Fixing MC-151457. Crafting remainder for minecraft:cod_bucket is now minecraft:bucket.
[14May2025 15:38:13.979] [modloading-worker-0/INFO] [Bookshelf/]: Fixing MC-151457. Crafting remainder for minecraft:tropical_fish_bucket is now minecraft:bucket.
[14May2025 15:38:13.980] [modloading-worker-0/INFO] [Bookshelf/]: Fixing MC-151457. Crafting remainder for minecraft:axolotl_bucket is now minecraft:bucket.
[14May2025 15:38:13.980] [modloading-worker-0/INFO] [Bookshelf/]: Fixing MC-151457. Crafting remainder for minecraft:powder_snow_bucket is now minecraft:bucket.
[14May2025 15:38:13.980] [modloading-worker-0/INFO] [Bookshelf/]: Fixing MC-151457. Crafting remainder for minecraft:tadpole_bucket is now minecraft:bucket.
[14May2025 15:38:14.051] [modloading-worker-0/INFO] [Collective/]: Loading Collective version 7.94.
[14May2025 15:38:14.130] [modloading-worker-0/INFO] [noisium/]: Loading Noisium.
[14May2025 15:38:14.215] [modloading-worker-0/INFO] [com.cupboard.Cupboard/]: Loaded config for: cupboard.json
[14May2025 15:38:14.304] [modloading-worker-0/INFO] [unilib/]: Disabling UniLib, as it is client side only.
[14May2025 15:38:14.384] [modloading-worker-0/INFO] [dev.architectury.networking.forge.NetworkManagerImpl/]: Registering C2S receiver with id architectury:sync_ids
[14May2025 15:38:14.388] [modloading-worker-0/INFO] [dev.architectury.networking.forge.NetworkManagerImpl/]: Registering C2S receiver with id ftblibrary:edit_nbt_response
[14May2025 15:38:14.397] [modloading-worker-0/INFO] [dev.architectury.networking.forge.NetworkManagerImpl/]: Registering C2S receiver with id ftbteams:open_gui
[14May2025 15:38:14.399] [modloading-worker-0/INFO] [net.dixta.dixtas_armory.config.DixtasArmoryJsonConfig/]: Didn't write a new file because none was created
[14May2025 15:38:14.408] [modloading-worker-0/INFO] [dev.architectury.networking.forge.NetworkManagerImpl/]: Registering C2S receiver with id ftbteams:update_settings
[14May2025 15:38:14.419] [modloading-worker-0/INFO] [dev.architectury.networking.forge.NetworkManagerImpl/]: Registering C2S receiver with id ftbteams:send_message
[14May2025 15:38:14.434] [modloading-worker-0/INFO] [dev.architectury.networking.forge.NetworkManagerImpl/]: Registering C2S receiver with id ftbteams:create_party
[14May2025 15:38:14.443] [modloading-worker-0/INFO] [dev.architectury.networking.forge.NetworkManagerImpl/]: Registering C2S receiver with id ftbteams:player_gui_operation
[14May2025 15:38:14.468] [modloading-worker-0/INFO] [net.minecraftforge.common.ForgeMod/FORGEMOD]: Forge mod loading, version 47.4.0, for MC 1.20.1 with MCP 20230612.114412
[14May2025 15:38:14.468] [modloading-worker-0/INFO] [net.minecraftforge.common.MinecraftForge/FORGE]: MinecraftForge v47.4.0 Initialized
[14May2025 15:38:14.475] [modloading-worker-0/INFO] [net.dixta.dixtas_armory.config.DixtasArmoryJsonConfig/]: Didn't write a new file because none was created
[14May2025 15:38:14.656] [modloading-worker-0/INFO] [JamLib/]: Initializing JamLib on Forge
[14May2025 15:38:14.950] [modloading-worker-0/INFO] [JamLib/]: Updated config file at D:\Cave Horror 1.20.1 v2.2.1-Server_Pack\config\rightclickharvest.json5
[14May2025 15:38:14.950] [modloading-worker-0/INFO] [Right Click Harvest/]: Initializing Right Click Harvest on FORGE
[14May2025 15:38:15.045] [modloading-worker-0/INFO] [Lexiconfig/]: Shelved lexicon com.codinglitch.simpleradio.SimpleRadioServerConfig@8c3a89a!
[14May2025 15:38:15.088] [modloading-worker-0/INFO] [dev.architectury.networking.forge.NetworkManagerImpl/]: Registering C2S receiver with id ftbquests:submit_task
[14May2025 15:38:15.093] [modloading-worker-0/INFO] [dev.architectury.networking.forge.NetworkManagerImpl/]: Registering C2S receiver with id ftbquests:claim_reward
[14May2025 15:38:15.106] [modloading-worker-0/INFO] [dev.architectury.networking.forge.NetworkManagerImpl/]: Registering C2S receiver with id ftbquests:get_emergency_items
[14May2025 15:38:15.115] [modloading-worker-0/INFO] [dev.architectury.networking.forge.NetworkManagerImpl/]: Registering C2S receiver with id ftbquests:claim_all_rewards
[14May2025 15:38:15.120] [modloading-worker-0/INFO] [dev.architectury.networking.forge.NetworkManagerImpl/]: Registering C2S receiver with id ftbquests:claim_choice_reward
[14May2025 15:38:15.138] [modloading-worker-0/INFO] [dev.architectury.networking.forge.NetworkManagerImpl/]: Registering C2S receiver with id ftbquests:toggle_pinned
[14May2025 15:38:15.148] [modloading-worker-0/INFO] [dev.architectury.networking.forge.NetworkManagerImpl/]: Registering C2S receiver with id ftbquests:toggle_chapter_pinned
[14May2025 15:38:15.157] [modloading-worker-0/INFO] [dev.architectury.networking.forge.NetworkManagerImpl/]: Registering C2S receiver with id ftbquests:toggle_editing_mode
[14May2025 15:38:15.162] [modloading-worker-0/INFO] [dev.architectury.networking.forge.NetworkManagerImpl/]: Registering C2S receiver with id ftbquests:force_save
[14May2025 15:38:15.172] [modloading-worker-0/INFO] [dev.architectury.networking.forge.NetworkManagerImpl/]: Registering C2S receiver with id ftbquests:set_custom_image
[14May2025 15:38:15.213] [modloading-worker-0/INFO] [dev.architectury.networking.forge.NetworkManagerImpl/]: Registering C2S receiver with id ftbquests:task_screen_config_resp
[14May2025 15:38:15.217] [modloading-worker-0/INFO] [dev.architectury.networking.forge.NetworkManagerImpl/]: Registering C2S receiver with id ftbquests:change_progress
[14May2025 15:38:15.223] [modloading-worker-0/INFO] [dev.architectury.networking.forge.NetworkManagerImpl/]: Registering C2S receiver with id ftbquests:create_object
[14May2025 15:38:15.233] [modloading-worker-0/INFO] [dev.architectury.networking.forge.NetworkManagerImpl/]: Registering C2S receiver with id ftbquests:create_task_at
[14May2025 15:38:15.239] [modloading-worker-0/INFO] [dev.architectury.networking.forge.NetworkManagerImpl/]: Registering C2S receiver with id ftbquests:delete_object
[14May2025 15:38:15.248] [modloading-worker-0/INFO] [dev.architectury.networking.forge.NetworkManagerImpl/]: Registering C2S receiver with id ftbquests:edit_object
[14May2025 15:38:15.258] [modloading-worker-0/INFO] [dev.architectury.networking.forge.NetworkManagerImpl/]: Registering C2S receiver with id ftbquests:move_chapter
[14May2025 15:38:15.267] [modloading-worker-0/INFO] [dev.architectury.networking.forge.NetworkManagerImpl/]: Registering C2S receiver with id ftbquests:move_quest
[14May2025 15:38:15.276] [modloading-worker-0/INFO] [dev.architectury.networking.forge.NetworkManagerImpl/]: Registering C2S receiver with id ftbquests:change_chapter_group
[14May2025 15:38:15.284] [modloading-worker-0/INFO] [dev.architectury.networking.forge.NetworkManagerImpl/]: Registering C2S receiver with id ftbquests:move_chapter_group
[14May2025 15:38:15.299] [modloading-worker-0/INFO] [dev.architectury.networking.forge.NetworkManagerImpl/]: Registering C2S receiver with id ftbquests:copy_quest
[14May2025 15:38:15.308] [modloading-worker-0/INFO] [dev.architectury.networking.forge.NetworkManagerImpl/]: Registering C2S receiver with id ftbquests:copy_chapter_image
[14May2025 15:38:15.313] [modloading-worker-0/INFO] [dev.architectury.networking.forge.NetworkManagerImpl/]: Registering C2S receiver with id ftbquests:sync_structures_request
[14May2025 15:38:15.321] [modloading-worker-0/INFO] [dev.architectury.networking.forge.NetworkManagerImpl/]: Registering C2S receiver with id ftbquests:request_team_data
[14May2025 15:38:15.366] [modloading-worker-0/INFO] [graveyard/]: Registered JSON trade offer adapter.
[14May2025 15:38:17.105] [main/INFO] [mixin/]: Instancing error handler class com.illusivesoulworks.polymorph.mixin.IntegratedMixinPlugin
[14May2025 15:38:17.106] [main/WARN] [mixin/]: Mixin apply failed betterchunkloading.mixins.json:ServerChunkCacheMixin -> net.minecraft.server.level.ServerChunkCache: org.spongepowered.asm.mixin.injection.throwables.InvalidInjectionException @At("INVOKE") on net/minecraft/server/level/ServerChunkCache::prioWaiting with priority 200 cannot inject into net/minecraft/server/level/ServerChunkCache::m_7587_(IILnet/minecraft/world/level/chunk/ChunkStatus;Z)Lnet/minecraft/world/level/chunk/ChunkAccess; merged by me.jellysquid.mods.lithium.mixin.world.chunk_access.ServerChunkManagerMixin with priority 1000 [ -> redirect$bge000$prioWaiting(Lnet/minecraft/server/level/ServerChunkCache;IILnet/minecraft/world/level/chunk/ChunkStatus;Z)Ljava/util/concurrent/CompletableFuture; -> Prepare]
org.spongepowered.asm.mixin.injection.throwables.InvalidInjectionException: @At("INVOKE") on net/minecraft/server/level/ServerChunkCache::prioWaiting with priority 200 cannot inject into net/minecraft/server/level/ServerChunkCache::m_7587_(IILnet/minecraft/world/level/chunk/ChunkStatus;Z)Lnet/minecraft/world/level/chunk/ChunkAccess; merged by me.jellysquid.mods.lithium.mixin.world.chunk_access.ServerChunkManagerMixin with priority 1000 [ -> redirect$bge000$prioWaiting(Lnet/minecraft/server/level/ServerChunkCache;IILnet/minecraft/world/level/chunk/ChunkStatus;Z)Ljava/util/concurrent/CompletableFuture; -> Prepare]
	at org.spongepowered.asm.mixin.injection.code.Injector.findTargetNodes(Injector.java:305) ~[mixin-0.8.5.jar%2365!/:0.8.5+Jenkins-b310.git-155314e6e91465dad727e621a569906a410cd6f4]
	at org.spongepowered.asm.mixin.injection.code.Injector.find(Injector.java:240) ~[mixin-0.8.5.jar%2365!/:0.8.5+Jenkins-b310.git-155314e6e91465dad727e621a569906a410cd6f4]
	at org.spongepowered.asm.mixin.injection.struct.InjectionInfo.prepare(InjectionInfo.java:421) ~[mixin-0.8.5.jar%2365!/:0.8.5+Jenkins-b310.git-155314e6e91465dad727e621a569906a410cd6f4]
	at org.spongepowered.asm.mixin.transformer.MixinTargetContext.prepareInjections(MixinTargetContext.java:1319) ~[mixin-0.8.5.jar%2365!/:0.8.5+Jenkins-b310.git-155314e6e91465dad727e621a569906a410cd6f4]
	at org.spongepowered.asm.mixin.transformer.MixinApplicatorStandard.prepareInjections(MixinApplicatorStandard.java:1042) ~[mixin-0.8.5.jar%2365!/:0.8.5+Jenkins-b310.git-155314e6e91465dad727e621a569906a410cd6f4]
	at org.spongepowered.asm.mixin.transformer.MixinApplicatorStandard.applyMixin(MixinApplicatorStandard.java:393) ~[mixin-0.8.5.jar%2365!/:0.8.5+Jenkins-b310.git-155314e6e91465dad727e621a569906a410cd6f4]
	at org.spongepowered.asm.mixin.transformer.MixinApplicatorStandard.apply(MixinApplicatorStandard.java:325) ~[mixin-0.8.5.jar%2365!/:0.8.5+Jenkins-b310.git-155314e6e91465dad727e621a569906a410cd6f4]
	at org.spongepowered.asm.mixin.transformer.TargetClassContext.apply(TargetClassContext.java:383) ~[mixin-0.8.5.jar%2365!/:0.8.5+Jenkins-b310.git-155314e6e91465dad727e621a569906a410cd6f4]
	at org.spongepowered.asm.mixin.transformer.TargetClassContext.applyMixins(TargetClassContext.java:365) ~[mixin-0.8.5.jar%2365!/:0.8.5+Jenkins-b310.git-155314e6e91465dad727e621a569906a410cd6f4]
	at org.spongepowered.asm.mixin.transformer.MixinProcessor.applyMixins(MixinProcessor.java:363) ~[mixin-0.8.5.jar%2365!/:0.8.5+Jenkins-b310.git-155314e6e91465dad727e621a569906a410cd6f4]
	at org.spongepowered.asm.mixin.transformer.MixinTransformer.transformClass(MixinTransformer.java:250) ~[mixin-0.8.5.jar%2365!/:0.8.5+Jenkins-b310.git-155314e6e91465dad727e621a569906a410cd6f4]
	at org.spongepowered.asm.service.modlauncher.MixinTransformationHandler.processClass(MixinTransformationHandler.java:131) ~[mixin-0.8.5.jar%2365!/:0.8.5+Jenkins-b310.git-155314e6e91465dad727e621a569906a410cd6f4]
	at org.spongepowered.asm.launch.MixinLaunchPluginLegacy.processClass(MixinLaunchPluginLegacy.java:131) ~[mixin-0.8.5.jar%2365!/:0.8.5+Jenkins-b310.git-155314e6e91465dad727e621a569906a410cd6f4]
	at cpw.mods.modlauncher.serviceapi.ILaunchPluginService.processClassWithFlags(ILaunchPluginService.java:156) ~[modlauncher-10.0.9.jar%2355!/:10.0.9+10.0.9+main.dcd20f30]
	at cpw.mods.modlauncher.LaunchPluginHandler.offerClassNodeToPlugins(LaunchPluginHandler.java:88) ~[modlauncher-10.0.9.jar%2355!/:?]
	at cpw.mods.modlauncher.ClassTransformer.transform(ClassTransformer.java:120) ~[modlauncher-10.0.9.jar%2355!/:?]
	at cpw.mods.modlauncher.TransformingClassLoader.maybeTransformClassBytes(TransformingClassLoader.java:50) ~[modlauncher-10.0.9.jar%2355!/:?]
	at cpw.mods.cl.ModuleClassLoader.readerToClass(ModuleClassLoader.java:113) ~[securejarhandler-2.1.10.jar:?]
	at cpw.mods.cl.ModuleClassLoader.lambda$findClass$15(ModuleClassLoader.java:219) ~[securejarhandler-2.1.10.jar:?]
	at cpw.mods.cl.ModuleClassLoader.loadFromModule(ModuleClassLoader.java:229) ~[securejarhandler-2.1.10.jar:?]
	at cpw.mods.cl.ModuleClassLoader.findClass(ModuleClassLoader.java:219) ~[securejarhandler-2.1.10.jar:?]
	at cpw.mods.cl.ModuleClassLoader.loadClass(ModuleClassLoader.java:135) ~[securejarhandler-2.1.10.jar:?]
	at java.lang.ClassLoader.loadClass(ClassLoader.java:528) ~[?:?]
	at dev.gigaherz.eyes.EyesSpawningManager.<clinit>(EyesSpawningManager.java:122) ~[EyesInTheDarkness-1.20.1-1.3.10.jar%23243!/:1.3.10]
	at dev.gigaherz.eyes.EyesInTheDarkness.registerCapabilities(EyesInTheDarkness.java:126) ~[EyesInTheDarkness-1.20.1-1.3.10.jar%23243!/:1.3.10]
	at net.minecraftforge.eventbus.EventBus.doCastFilter(EventBus.java:260) ~[eventbus-6.0.5.jar%2352!/:?]
	at net.minecraftforge.eventbus.EventBus.lambda$addListener$11(EventBus.java:252) ~[eventbus-6.0.5.jar%2352!/:?]
	at net.minecraftforge.eventbus.EventBus.post(EventBus.java:315) ~[eventbus-6.0.5.jar%2352!/:?]
	at net.minecraftforge.eventbus.EventBus.post(EventBus.java:296) ~[eventbus-6.0.5.jar%2352!/:?]
	at net.minecraftforge.fml.javafmlmod.FMLModContainer.acceptEvent(FMLModContainer.java:121) ~[javafmllanguage-1.20.1-47.4.0.jar%23309!/:?]
	at net.minecraftforge.fml.ModLoader.lambda$postEvent$29(ModLoader.java:326) ~[fmlcore-1.20.1-47.4.0.jar%23308!/:?]
	at java.lang.Iterable.forEach(Iterable.java:75) ~[?:?]
	at net.minecraftforge.fml.ModList.forEachModInOrder(ModList.java:227) ~[fmlcore-1.20.1-47.4.0.jar%23308!/:?]
	at net.minecraftforge.fml.ModLoader.postEvent(ModLoader.java:326) ~[fmlcore-1.20.1-47.4.0.jar%23308!/:?]
	at net.minecraftforge.common.capabilities.CapabilityManager.injectCapabilities(CapabilityManager.java:81) ~[forge-1.20.1-47.4.0-universal.jar%23312!/:?]
	at net.minecraftforge.common.ForgeStatesProvider.lambda$new$2(ForgeStatesProvider.java:23) ~[forge-1.20.1-47.4.0-universal.jar%23312!/:?]
	at net.minecraftforge.fml.ModLoader.handleInlineTransition(ModLoader.java:217) ~[fmlcore-1.20.1-47.4.0.jar%23308!/:?]
	at net.minecraftforge.fml.ModLoader.lambda$dispatchAndHandleError$19(ModLoader.java:209) ~[fmlcore-1.20.1-47.4.0.jar%23308!/:?]
	at java.util.Optional.ifPresent(Optional.java:178) ~[?:?]
	at net.minecraftforge.fml.ModLoader.dispatchAndHandleError(ModLoader.java:209) ~[fmlcore-1.20.1-47.4.0.jar%23308!/:?]
	at net.minecraftforge.fml.ModLoader.lambda$gatherAndInitializeMods$13(ModLoader.java:183) ~[fmlcore-1.20.1-47.4.0.jar%23308!/:?]
	at java.lang.Iterable.forEach(Iterable.java:75) ~[?:?]
	at net.minecraftforge.fml.ModLoader.gatherAndInitializeMods(ModLoader.java:183) ~[fmlcore-1.20.1-47.4.0.jar%23308!/:?]
	at net.minecraftforge.server.loading.ServerModLoader.load(ServerModLoader.java:30) ~[forge-1.20.1-47.4.0-universal.jar%23312!/:?]
	at net.minecraft.server.Main.main(Main.java:125) ~[server-1.20.1-20230612.114412-srg.jar%23307!/:?]
	at jdk.internal.reflect.DirectMethodHandleAccessor.invoke(DirectMethodHandleAccessor.java:103) ~[?:?]
	at java.lang.reflect.Method.invoke(Method.java:580) ~[?:?]
	at net.minecraftforge.fml.loading.targets.CommonLaunchHandler.runTarget(CommonLaunchHandler.java:111) ~[fmlloader-1.20.1-47.4.0.jar%2369!/:?]
	at net.minecraftforge.fml.loading.targets.CommonLaunchHandler.serverService(CommonLaunchHandler.java:103) ~[fmlloader-1.20.1-47.4.0.jar%2369!/:?]
	at net.minecraftforge.fml.loading.targets.CommonServerLaunchHandler.lambda$makeService$0(CommonServerLaunchHandler.java:27) ~[fmlloader-1.20.1-47.4.0.jar%2369!/:?]
	at cpw.mods.modlauncher.LaunchServiceHandlerDecorator.launch(LaunchServiceHandlerDecorator.java:30) ~[modlauncher-10.0.9.jar%2355!/:?]
	at cpw.mods.modlauncher.LaunchServiceHandler.launch(LaunchServiceHandler.java:53) ~[modlauncher-10.0.9.jar%2355!/:?]
	at cpw.mods.modlauncher.LaunchServiceHandler.launch(LaunchServiceHandler.java:71) ~[modlauncher-10.0.9.jar%2355!/:?]
	at cpw.mods.modlauncher.Launcher.run(Launcher.java:108) ~[modlauncher-10.0.9.jar%2355!/:?]
	at cpw.mods.modlauncher.Launcher.main(Launcher.java:78) ~[modlauncher-10.0.9.jar%2355!/:?]
	at cpw.mods.modlauncher.BootstrapLaunchConsumer.accept(BootstrapLaunchConsumer.java:26) ~[modlauncher-10.0.9.jar%2355!/:?]
	at cpw.mods.modlauncher.BootstrapLaunchConsumer.accept(BootstrapLaunchConsumer.java:23) ~[modlauncher-10.0.9.jar%2355!/:?]
	at cpw.mods.bootstraplauncher.BootstrapLauncher.main(BootstrapLauncher.java:141) ~[bootstraplauncher-1.1.2.jar:?]
[14May2025 15:38:22.141] [main/INFO] [ModdingLegacy/StructureGel/]: [structure_gel] Registering data for structure_gel:loot_table_alias
[14May2025 15:38:22.156] [main/INFO] [ModdingLegacy/StructureGel/]: [structure_gel] Registering data for structure_gel:data_handler_type
[14May2025 15:38:22.161] [main/INFO] [ModdingLegacy/StructureGel/]: [structure_gel] Registering data for structure_gel:dynamic_spawner
[14May2025 15:38:22.164] [main/INFO] [ModdingLegacy/StructureGel/]: [structure_gel] Registering data for structure_gel:jigsaw_type
[14May2025 15:38:22.498] [main/WARN] [net.minecraft.network.syncher.SynchedEntityData/]: defineId called for: class net.mcreator.borninchaosv.entity.BabySpiderEntity from class net.mcreator.borninchaosv.entity.MotherSpiderEntity
[14May2025 15:38:23.106] [modloading-worker-0/INFO] [com.structureessentials.StructureEssentials/]: structureessentials mod initialized
[14May2025 15:38:23.106] [modloading-worker-0/INFO] [com.connectivity.Connectivity/]: Connectivity initialized
[14May2025 15:38:23.136] [modloading-worker-0/INFO] [FTB XMod Compat/]: Chose [Entity Tags] as the active game stages implementation
[14May2025 15:38:23.146] [modloading-worker-0/INFO] [FTB XMod Compat/]: Chose [FALLBACK] as the active permissions implementation
[14May2025 15:38:23.154] [modloading-worker-0/INFO] [FTB XMod Compat/]: [FTB Quests] recipe helper provider is [JEI]
[14May2025 15:38:23.172] [Forge Version Check/INFO] [net.minecraftforge.fml.VersionChecker/]: Global Forge version check system disabled, no further processing.
[14May2025 15:38:23.178] [modloading-worker-0/INFO] [voicechat/]: [voicechat] Compatibility version 18
[14May2025 15:38:23.186] [modloading-worker-0/INFO] [com.betterchunkloading.BetterChunkLoading/]: betterchunkloading mod initialized
[14May2025 15:38:23.194] [modloading-worker-0/INFO] [com.chunksending.ChunkSending/]: chunksending mod initialized
[14May2025 15:38:23.344] [modloading-worker-0/INFO] [voicechat/]: [voicechat] Loading plugins
[14May2025 15:38:23.360] [modloading-worker-0/INFO] [voicechat/]: [voicechat] Loaded 2 plugin(s)
[14May2025 15:38:23.361] [modloading-worker-0/INFO] [voicechat/]: [voicechat] Initializing plugins
[14May2025 15:38:23.374] [modloading-worker-0/INFO] [Sound Physics - General/]: Initializing Simple Voice Chat integration
[14May2025 15:38:23.374] [modloading-worker-0/INFO] [voicechat/]: [voicechat] Initialized 2 plugin(s)
[14May2025 15:38:23.376] [modloading-worker-0/INFO] [voicechat/]: [voicechat] Registering events for 'sound_physics_remastered'
[14May2025 15:38:23.379] [modloading-worker-0/INFO] [voicechat/]: [voicechat] Registering events for 'simpleradio'
[14May2025 15:38:23.905] [main/INFO] [Framework/SYNCED_ENTITY_DATA]: Registered synced data key refurbished_furniture:lock_yaw for refurbished_furniture:seat
[14May2025 15:38:23.916] [main/INFO] [journeymap/]: Initializing Packet Registries
[14May2025 15:38:23.954] [main/INFO] [terrablender/]: Registered region minecraft:overworld to index 0 for type OVERWORLD
[14May2025 15:38:23.955] [main/INFO] [terrablender/]: Registered region minecraft:nether to index 0 for type NETHER
[14May2025 15:38:23.956] [main/INFO] [terrablender/]: Registered region biomesoplenty:overworld_primary to index 1 for type OVERWORLD
[14May2025 15:38:23.956] [main/INFO] [terrablender/]: Registered region biomesoplenty:overworld_secondary to index 2 for type OVERWORLD
[14May2025 15:38:23.957] [main/INFO] [terrablender/]: Registered region biomesoplenty:overworld_rare to index 3 for type OVERWORLD
[14May2025 15:38:23.957] [main/INFO] [terrablender/]: Registered region biomesoplenty:nether_common to index 1 for type NETHER
[14May2025 15:38:23.958] [main/INFO] [terrablender/]: Registered region biomesoplenty:nether_rare to index 2 for type NETHER
[14May2025 15:38:24.446] [modloading-worker-0/INFO] [Lexiconfig/]: Cataloging lexicon com.codinglitch.simpleradio.SimpleRadioServerConfig@8c3a89a!
[14May2025 15:38:24.473] [modloading-worker-0/INFO] [Lexiconfig/]: Lexiconfig cataloging completed!
[14May2025 15:38:25.108] [main/WARN] [net.minecraftforge.server.loading.ServerModLoader/LOADING]: Mods loaded with 2 warnings
[14May2025 15:38:25.115] [main/WARN] [net.minecraftforge.server.loading.ServerModLoader/LOADING]: modernfix.no_ferritecore
[14May2025 15:38:25.117] [main/WARN] [net.minecraftforge.server.loading.ServerModLoader/LOADING]: modernfix.perf_mod_warning
[14May2025 15:38:25.192] [main/INFO] [com.mojang.authlib.yggdrasil.YggdrasilAuthenticationService/]: Environment: authHost='https://authserver.mojang.com', accountsHost='https://api.mojang.com', sessionHost='https://sessionserver.mojang.com', servicesHost='https://api.minecraftservices.com', name='PROD'
[14May2025 15:38:25.398] [main/INFO] [ModernFix/]: Bypassed Mojang DFU
[14May2025 15:38:25.864] [main/WARN] [net.minecraft.server.packs.VanillaPackResourcesBuilder/]: Assets URL 'union:/D:/Cave%20Horror%201.20.1%20v2.2.1-Server_Pack/libraries/net/minecraft/server/1.20.1-20230612.114412/server-1.20.1-20230612.114412-srg.jar%23307!/assets/.mcassetsroot' uses unexpected schema
[14May2025 15:38:25.865] [main/WARN] [net.minecraft.server.packs.VanillaPackResourcesBuilder/]: Assets URL 'union:/D:/Cave%20Horror%201.20.1%20v2.2.1-Server_Pack/libraries/net/minecraft/server/1.20.1-20230612.114412/server-1.20.1-20230612.114412-srg.jar%23307!/data/.mcassetsroot' uses unexpected schema
[14May2025 15:38:28.823] [main/INFO] [com.github.alexthe666.alexsmobs.AlexsMobs/]: Adding datapack listener capsid_recipes
[14May2025 15:38:29.523] [Worker-Main-8/ERROR] [net.minecraftforge.common.ForgeHooks/]: Couldn't parse element loot_tables:farmersrespite:blocks/kettle
com.google.gson.JsonSyntaxException: Unknown type 'farmersrespite:copy_meal'
	at net.minecraft.world.level.storage.loot.GsonAdapterFactory$JsonAdapter.deserialize(GsonAdapterFactory.java:99) ~[server-1.20.1-20230612.114412-srg.jar%23307!/:?]
	at com.google.gson.internal.bind.TreeTypeAdapter.read(TreeTypeAdapter.java:76) ~[gson-2.10.jar%2372!/:?]
	at com.google.gson.internal.bind.TypeAdapterRuntimeTypeWrapper.read(TypeAdapterRuntimeTypeWrapper.java:40) ~[gson-2.10.jar%2372!/:?]
	at com.google.gson.internal.bind.ArrayTypeAdapter.read(ArrayTypeAdapter.java:72) ~[gson-2.10.jar%2372!/:?]
	at com.google.gson.Gson.fromJson(Gson.java:1214) ~[gson-2.10.jar%2372!/:?]
	at com.google.gson.Gson.fromJson(Gson.java:1319) ~[gson-2.10.jar%2372!/:?]
	at com.google.gson.Gson.fromJson(Gson.java:1290) ~[gson-2.10.jar%2372!/:?]
	at com.google.gson.internal.bind.TreeTypeAdapter$GsonContextImpl.deserialize(TreeTypeAdapter.java:179) ~[gson-2.10.jar%2372!/:?]
	at net.minecraft.util.GsonHelper.m_13808_(GsonHelper.java:463) ~[server-1.20.1-20230612.114412-srg.jar%23307!/:?]
	at net.minecraft.util.GsonHelper.m_13845_(GsonHelper.java:481) ~[server-1.20.1-20230612.114412-srg.jar%23307!/:?]
	at net.minecraft.world.level.storage.loot.entries.LootPoolSingletonContainer$Serializer.m_5921_(LootPoolSingletonContainer.java:149) ~[server-1.20.1-20230612.114412-srg.jar%23307!/:?]
	at net.minecraft.world.level.storage.loot.entries.LootPoolSingletonContainer$Serializer.m_5921_(LootPoolSingletonContainer.java:129) ~[server-1.20.1-20230612.114412-srg.jar%23307!/:?]
	at net.minecraft.world.level.storage.loot.entries.LootPoolEntryContainer$Serializer.m_7561_(LootPoolEntryContainer.java:86) ~[server-1.20.1-20230612.114412-srg.jar%23307!/:?]
	at net.minecraft.world.level.storage.loot.entries.LootPoolEntryContainer$Serializer.m_7561_(LootPoolEntryContainer.java:74) ~[server-1.20.1-20230612.114412-srg.jar%23307!/:?]
	at net.minecraft.world.level.storage.loot.GsonAdapterFactory$JsonAdapter.deserialize(GsonAdapterFactory.java:102) ~[server-1.20.1-20230612.114412-srg.jar%23307!/:?]
	at com.google.gson.internal.bind.TreeTypeAdapter.read(TreeTypeAdapter.java:76) ~[gson-2.10.jar%2372!/:?]
	at com.google.gson.internal.bind.TypeAdapterRuntimeTypeWrapper.read(TypeAdapterRuntimeTypeWrapper.java:40) ~[gson-2.10.jar%2372!/:?]
	at com.google.gson.internal.bind.ArrayTypeAdapter.read(ArrayTypeAdapter.java:72) ~[gson-2.10.jar%2372!/:?]
	at com.google.gson.Gson.fromJson(Gson.java:1214) ~[gson-2.10.jar%2372!/:?]
	at com.google.gson.Gson.fromJson(Gson.java:1319) ~[gson-2.10.jar%2372!/:?]
	at com.google.gson.Gson.fromJson(Gson.java:1290) ~[gson-2.10.jar%2372!/:?]
	at com.google.gson.internal.bind.TreeTypeAdapter$GsonContextImpl.deserialize(TreeTypeAdapter.java:179) ~[gson-2.10.jar%2372!/:?]
	at net.minecraft.util.GsonHelper.m_13808_(GsonHelper.java:463) ~[server-1.20.1-20230612.114412-srg.jar%23307!/:?]
	at net.minecraft.util.GsonHelper.m_13836_(GsonHelper.java:471) ~[server-1.20.1-20230612.114412-srg.jar%23307!/:?]
	at net.minecraft.world.level.storage.loot.LootPool$Serializer.deserialize(LootPool.java:192) ~[server-1.20.1-20230612.114412-srg.jar%23307!/:?]
	at net.minecraft.world.level.storage.loot.LootPool$Serializer.deserialize(LootPool.java:189) ~[server-1.20.1-20230612.114412-srg.jar%23307!/:?]
	at com.google.gson.internal.bind.TreeTypeAdapter.read(TreeTypeAdapter.java:76) ~[gson-2.10.jar%2372!/:?]
	at com.google.gson.internal.bind.TypeAdapterRuntimeTypeWrapper.read(TypeAdapterRuntimeTypeWrapper.java:40) ~[gson-2.10.jar%2372!/:?]
	at com.google.gson.internal.bind.ArrayTypeAdapter.read(ArrayTypeAdapter.java:72) ~[gson-2.10.jar%2372!/:?]
	at com.google.gson.Gson.fromJson(Gson.java:1214) ~[gson-2.10.jar%2372!/:?]
	at com.google.gson.Gson.fromJson(Gson.java:1319) ~[gson-2.10.jar%2372!/:?]
	at com.google.gson.Gson.fromJson(Gson.java:1290) ~[gson-2.10.jar%2372!/:?]
	at com.google.gson.internal.bind.TreeTypeAdapter$GsonContextImpl.deserialize(TreeTypeAdapter.java:179) ~[gson-2.10.jar%2372!/:?]
	at net.minecraft.util.GsonHelper.m_13808_(GsonHelper.java:463) ~[server-1.20.1-20230612.114412-srg.jar%23307!/:?]
	at net.minecraft.util.GsonHelper.m_13845_(GsonHelper.java:481) ~[server-1.20.1-20230612.114412-srg.jar%23307!/:?]
	at net.minecraft.world.level.storage.loot.LootTable$Serializer.deserialize(LootTable.java:294) ~[server-1.20.1-20230612.114412-srg.jar%23307!/:?]
	at net.minecraft.world.level.storage.loot.LootTable$Serializer.deserialize(LootTable.java:291) ~[server-1.20.1-20230612.114412-srg.jar%23307!/:?]
	at com.google.gson.internal.bind.TreeTypeAdapter.read(TreeTypeAdapter.java:76) ~[gson-2.10.jar%2372!/:?]
	at com.google.gson.Gson.fromJson(Gson.java:1214) ~[gson-2.10.jar%2372!/:?]
	at com.google.gson.Gson.fromJson(Gson.java:1319) ~[gson-2.10.jar%2372!/:?]
	at com.google.gson.Gson.fromJson(Gson.java:1261) ~[gson-2.10.jar%2372!/:?]
	at net.minecraftforge.common.ForgeHooks.loadLootTable(ForgeHooks.java:871) ~[forge-1.20.1-47.4.0-universal.jar%23312!/:?]
	at net.minecraftforge.common.ForgeHooks.lambda$getLootTableDeserializer$3(ForgeHooks.java:848) ~[forge-1.20.1-47.4.0-universal.jar%23312!/:?]
	at net.minecraft.world.level.storage.loot.LootDataType.deserialize(LootDataType.java:45) ~[server-1.20.1-20230612.114412-srg.jar%23307!/:?]
	at net.minecraft.world.level.storage.loot.LootDataManager.lambda$scheduleElementParse$4(LootDataManager.java:56) ~[server-1.20.1-20230612.114412-srg.jar%23307!/:?]
	at java.util.HashMap.forEach(HashMap.java:1430) ~[?:?]
	at net.minecraft.world.level.storage.loot.LootDataManager.m_278660_(LootDataManager.java:55) ~[server-1.20.1-20230612.114412-srg.jar%23307!/:?]
	at java.util.concurrent.CompletableFuture$AsyncRun.run(CompletableFuture.java:1848) ~[?:?]
	at java.util.concurrent.CompletableFuture$AsyncRun.exec(CompletableFuture.java:1840) ~[?:?]
	at java.util.concurrent.ForkJoinTask.doExec(ForkJoinTask.java:507) ~[?:?]
	at java.util.concurrent.ForkJoinPool$WorkQueue.topLevelExec(ForkJoinPool.java:1460) ~[?:?]
	at java.util.concurrent.ForkJoinPool.runWorker(ForkJoinPool.java:2036) ~[?:?]
	at java.util.concurrent.ForkJoinWorkerThread.run(ForkJoinWorkerThread.java:189) ~[?:?]
[14May2025 15:38:29.713] [main/WARN] [net.minecraft.world.level.storage.loot.LootDataManager/]: Found loot table element validation problem in {loot_tables:arphex:entities/long_legs}.pools[0].entries[0].functions[1]: Parameters [<parameter minecraft:tool>] are not provided in this context
[14May2025 15:38:29.714] [main/WARN] [net.minecraft.world.level.storage.loot.LootDataManager/]: Found loot table element validation problem in {loot_tables:sons_of_sins:entities/walking_bed}.pools[0].entries[0].functions[1]: Parameters [<parameter minecraft:tool>] are not provided in this context
[14May2025 15:38:29.714] [main/WARN] [net.minecraft.world.level.storage.loot.LootDataManager/]: Found loot table element validation problem in {loot_tables:sons_of_sins:entities/blud}.pools[0].entries[0].functions[1]: Parameters [<parameter minecraft:tool>] are not provided in this context
[14May2025 15:38:29.714] [main/WARN] [net.minecraft.world.level.storage.loot.LootDataManager/]: Found loot table element validation problem in {loot_tables:sons_of_sins:entities/prowler}.pools[0].entries[0].functions[1]: Parameters [<parameter minecraft:tool>] are not provided in this context
[14May2025 15:38:29.714] [main/WARN] [net.minecraft.world.level.storage.loot.LootDataManager/]: Found loot table element validation problem in {loot_tables:arphex:entities/silverfish_spectre}.pools[0].entries[0].functions[1]: Parameters [<parameter minecraft:tool>] are not provided in this context
[14May2025 15:38:29.714] [main/WARN] [net.minecraft.world.level.storage.loot.LootDataManager/]: Found loot table element validation problem in {loot_tables:arphex:entities/millipede_marauder}.pools[0].entries[0].functions[1]: Parameters [<parameter minecraft:tool>] are not provided in this context
[14May2025 15:38:29.715] [main/WARN] [net.minecraft.world.level.storage.loot.LootDataManager/]: Found loot table element validation problem in {loot_tables:sons_of_sins:entities/butcher}.pools[0].entries[0].functions[1]: Parameters [<parameter minecraft:tool>] are not provided in this context
[14May2025 15:38:29.736] [main/ERROR] [net.minecraft.world.item.crafting.RecipeManager/]: Parsing error loading recipe dixtas_armory:electrum_greatsword: com.google.gson.JsonSyntaxException: Invalid or unsupported recipe type 'minecraft:smithing'
[14May2025 15:38:29.740] [main/ERROR] [net.minecraft.world.item.crafting.RecipeManager/]: Parsing error loading recipe dixtas_armory:diamond_javelin: com.google.gson.JsonSyntaxException: Unknown item 'dixtas_armory:diamond_javelin'
[14May2025 15:38:29.741] [main/ERROR] [net.minecraft.world.item.crafting.RecipeManager/]: Parsing error loading recipe dixtas_armory:electrum_zweihander: com.google.gson.JsonSyntaxException: Invalid or unsupported recipe type 'minecraft:smithing'
[14May2025 15:38:29.741] [main/ERROR] [net.minecraft.world.item.crafting.RecipeManager/]: Parsing error loading recipe dixtas_armory:electrum_spear: com.google.gson.JsonSyntaxException: Invalid or unsupported recipe type 'minecraft:smithing'
[14May2025 15:38:29.743] [main/ERROR] [net.minecraft.world.item.crafting.RecipeManager/]: Parsing error loading recipe farmersrespite:emptying/dandelion_tea: com.google.gson.JsonSyntaxException: Invalid or unsupported recipe type 'create:emptying'
[14May2025 15:38:29.743] [main/ERROR] [net.minecraft.world.item.crafting.RecipeManager/]: Parsing error loading recipe dixtas_armory:netherite_spear: com.google.gson.JsonSyntaxException: Invalid or unsupported recipe type 'minecraft:smithing'
[14May2025 15:38:29.744] [main/ERROR] [net.minecraft.world.item.crafting.RecipeManager/]: Parsing error loading recipe farmersrespite:emptying/strong_green_tea: com.google.gson.JsonSyntaxException: Invalid or unsupported recipe type 'create:emptying'
[14May2025 15:38:29.749] [main/ERROR] [net.minecraft.world.item.crafting.RecipeManager/]: Parsing error loading recipe dixtas_armory:netherite_chakram_smithing: com.google.gson.JsonSyntaxException: Unknown item 'dixtas_armory:diamond_chakram'
[14May2025 15:38:29.749] [main/ERROR] [net.minecraft.world.item.crafting.RecipeManager/]: Parsing error loading recipe farmersrespite:emptying/strong_yellow_tea: com.google.gson.JsonSyntaxException: Invalid or unsupported recipe type 'create:emptying'
[14May2025 15:38:29.766] [main/ERROR] [net.minecraft.world.item.crafting.RecipeManager/]: Parsing error loading recipe dixtas_armory:adamantite_rapier_smithing: com.google.gson.JsonSyntaxException: Unknown item 'enlightened_end:adamantite_smithing_template'
[14May2025 15:38:29.768] [main/ERROR] [net.minecraft.world.item.crafting.RecipeManager/]: Parsing error loading recipe dixtas_armory:adamantite_katana_smithing: com.google.gson.JsonSyntaxException: Unknown item 'enlightened_end:adamantite_smithing_template'
[14May2025 15:38:29.769] [main/ERROR] [net.minecraft.world.item.crafting.RecipeManager/]: Parsing error loading recipe dixtas_armory:electrum_pike: com.google.gson.JsonSyntaxException: Invalid or unsupported recipe type 'minecraft:smithing'
[14May2025 15:38:29.771] [main/ERROR] [net.minecraft.world.item.crafting.RecipeManager/]: Parsing error loading recipe farmersrespite:emptying/apple_cider: com.google.gson.JsonSyntaxException: Invalid or unsupported recipe type 'create:emptying'
[14May2025 15:38:29.778] [main/ERROR] [net.minecraft.world.item.crafting.RecipeManager/]: Parsing error loading recipe dixtas_armory:golden_shuriken: com.google.gson.JsonSyntaxException: Unknown item 'dixtas_armory:golden_shuriken'
[14May2025 15:38:29.780] [main/ERROR] [net.minecraft.world.item.crafting.RecipeManager/]: Parsing error loading recipe dixtas_armory:adamantite_halberd: com.google.gson.JsonSyntaxException: Invalid or unsupported recipe type 'minecraft:smithing'
[14May2025 15:38:29.780] [main/ERROR] [net.minecraft.world.item.crafting.RecipeManager/]: Parsing error loading recipe dixtas_armory:adamantite_glaive_smithing: com.google.gson.JsonSyntaxException: Unknown item 'enlightened_end:adamantite_smithing_template'
[14May2025 15:38:29.784] [main/ERROR] [net.minecraft.world.item.crafting.RecipeManager/]: Parsing error loading recipe dixtas_armory:netherite_shortsword: com.google.gson.JsonSyntaxException: Invalid or unsupported recipe type 'minecraft:smithing'
[14May2025 15:38:29.785] [main/ERROR] [net.minecraft.world.item.crafting.RecipeManager/]: Parsing error loading recipe dixtas_armory:adamantite_longsword_smithing: com.google.gson.JsonSyntaxException: Unknown item 'enlightened_end:adamantite_smithing_template'
[14May2025 15:38:29.787] [main/ERROR] [net.minecraft.world.item.crafting.RecipeManager/]: Parsing error loading recipe farmersrespite:filling/hot_cocoa: com.google.gson.JsonSyntaxException: Invalid or unsupported recipe type 'create:filling'
[14May2025 15:38:29.790] [main/ERROR] [net.minecraft.world.item.crafting.RecipeManager/]: Parsing error loading recipe farmersrespite:filling/long_black_tea: com.google.gson.JsonSyntaxException: Invalid or unsupported recipe type 'create:filling'
[14May2025 15:38:29.790] [main/ERROR] [net.minecraft.world.item.crafting.RecipeManager/]: Parsing error loading recipe farmersrespite:filling/strong_rose_hip_tea: com.google.gson.JsonSyntaxException: Invalid or unsupported recipe type 'create:filling'
[14May2025 15:38:29.792] [main/ERROR] [net.minecraft.world.item.crafting.RecipeManager/]: Parsing error loading recipe dixtas_armory:netherite_halberd: com.google.gson.JsonSyntaxException: Invalid or unsupported recipe type 'minecraft:smithing'
[14May2025 15:38:29.793] [main/ERROR] [net.minecraft.world.item.crafting.RecipeManager/]: Parsing error loading recipe farmersrespite:emptying/strong_melon_juice: com.google.gson.JsonSyntaxException: Invalid or unsupported recipe type 'create:emptying'
[14May2025 15:38:29.794] [main/ERROR] [net.minecraft.world.item.crafting.RecipeManager/]: Parsing error loading recipe farmersrespite:emptying/long_rose_hip_tea: com.google.gson.JsonSyntaxException: Invalid or unsupported recipe type 'create:emptying'
[14May2025 15:38:29.799] [main/ERROR] [net.minecraft.world.item.crafting.RecipeManager/]: Parsing error loading recipe dixtas_armory:adamantite_dagger: com.google.gson.JsonSyntaxException: Invalid or unsupported recipe type 'minecraft:smithing'
[14May2025 15:38:29.799] [main/ERROR] [net.minecraft.world.item.crafting.RecipeManager/]: Parsing error loading recipe farmersrespite:emptying/purulent_tea: com.google.gson.JsonSyntaxException: Invalid or unsupported recipe type 'create:emptying'
[14May2025 15:38:29.804] [main/ERROR] [net.minecraft.world.item.crafting.RecipeManager/]: Parsing error loading recipe farmersrespite:filling/apple_cider: com.google.gson.JsonSyntaxException: Invalid or unsupported recipe type 'create:filling'
[14May2025 15:38:29.805] [main/ERROR] [net.minecraft.world.item.crafting.RecipeManager/]: Parsing error loading recipe dixtas_armory:netherite_stiletto: com.google.gson.JsonSyntaxException: Invalid or unsupported recipe type 'minecraft:smithing'
[14May2025 15:38:29.808] [main/ERROR] [net.minecraft.world.item.crafting.RecipeManager/]: Parsing error loading recipe dixtas_armory:netherite_katana: com.google.gson.JsonSyntaxException: Invalid or unsupported recipe type 'minecraft:smithing'
[14May2025 15:38:29.808] [main/ERROR] [net.minecraft.world.item.crafting.RecipeManager/]: Parsing error loading recipe dixtas_armory:electrum_throwing_knife: com.google.gson.JsonSyntaxException: Invalid or unsupported recipe type 'minecraft:smithing'
[14May2025 15:38:29.811] [main/ERROR] [net.minecraft.world.item.crafting.RecipeManager/]: Parsing error loading recipe dixtas_armory:netherite_pike: com.google.gson.JsonSyntaxException: Invalid or unsupported recipe type 'minecraft:smithing'
[14May2025 15:38:29.815] [main/ERROR] [net.minecraft.world.item.crafting.RecipeManager/]: Parsing error loading recipe dixtas_armory:stone_chakram: com.google.gson.JsonSyntaxException: Unknown item 'dixtas_armory:stone_chakram'
[14May2025 15:38:29.815] [main/ERROR] [net.minecraft.world.item.crafting.RecipeManager/]: Parsing error loading recipe dixtas_armory:wooden_chakram: com.google.gson.JsonSyntaxException: Unknown item 'dixtas_armory:wooden_chakram'
[14May2025 15:38:29.816] [main/ERROR] [net.minecraft.world.item.crafting.RecipeManager/]: Parsing error loading recipe dixtas_armory:electrum_dagger: com.google.gson.JsonSyntaxException: Invalid or unsupported recipe type 'minecraft:smithing'
[14May2025 15:38:29.816] [main/ERROR] [net.minecraft.world.item.crafting.RecipeManager/]: Parsing error loading recipe dixtas_armory:adamantite_shuriken: com.google.gson.JsonSyntaxException: Invalid or unsupported recipe type 'minecraft:smithing'
[14May2025 15:38:29.818] [main/ERROR] [net.minecraft.world.item.crafting.RecipeManager/]: Parsing error loading recipe dixtas_armory:adamantite_greatsword: com.google.gson.JsonSyntaxException: Invalid or unsupported recipe type 'minecraft:smithing'
[14May2025 15:38:29.820] [main/ERROR] [net.minecraft.world.item.crafting.RecipeManager/]: Parsing error loading recipe farmersrespite:filling/long_apple_cider: com.google.gson.JsonSyntaxException: Invalid or unsupported recipe type 'create:filling'
[14May2025 15:38:29.821] [main/ERROR] [net.minecraft.world.item.crafting.RecipeManager/]: Parsing error loading recipe dixtas_armory:iron_chakram: com.google.gson.JsonSyntaxException: Unknown item 'dixtas_armory:iron_chakram'
[14May2025 15:38:29.822] [main/ERROR] [net.minecraft.world.item.crafting.RecipeManager/]: Parsing error loading recipe farmersrespite:emptying/strong_rose_hip_tea: com.google.gson.JsonSyntaxException: Invalid or unsupported recipe type 'create:emptying'
[14May2025 15:38:29.824] [main/ERROR] [net.minecraft.world.item.crafting.RecipeManager/]: Parsing error loading recipe dixtas_armory:adamantite_dagger_smithing: com.google.gson.JsonSyntaxException: Unknown item 'enlightened_end:adamantite_smithing_template'
[14May2025 15:38:29.825] [main/ERROR] [net.minecraft.world.item.crafting.RecipeManager/]: Parsing error loading recipe alexsdelight:barbecue_on_a_stick: com.google.gson.JsonSyntaxException: Unknown item 'amfd:singular_cooked_moose_rib'
[14May2025 15:38:29.828] [main/ERROR] [net.minecraft.world.item.crafting.RecipeManager/]: Parsing error loading recipe farmersrespite:filling/long_dandelion_tea: com.google.gson.JsonSyntaxException: Invalid or unsupported recipe type 'create:filling'
[14May2025 15:38:29.829] [main/ERROR] [net.minecraft.world.item.crafting.RecipeManager/]: Parsing error loading recipe farmersrespite:filling/water_cup: com.google.gson.JsonSyntaxException: Invalid or unsupported recipe type 'create:filling'
[14May2025 15:38:29.836] [main/ERROR] [net.minecraft.world.item.crafting.RecipeManager/]: Parsing error loading recipe dixtas_armory:adamantite_battle_axe: com.google.gson.JsonSyntaxException: Invalid or unsupported recipe type 'minecraft:smithing'
[14May2025 15:38:29.837] [main/ERROR] [net.minecraft.world.item.crafting.RecipeManager/]: Parsing error loading recipe farmersrespite:filling/strong_melon_juice: com.google.gson.JsonSyntaxException: Invalid or unsupported recipe type 'create:filling'
[14May2025 15:38:29.839] [main/ERROR] [net.minecraft.world.item.crafting.RecipeManager/]: Parsing error loading recipe dixtas_armory:stone_throwing_knife: com.google.gson.JsonSyntaxException: Unknown item 'dixtas_armory:stone_throwing_knife'
[14May2025 15:38:29.846] [main/ERROR] [net.minecraft.world.item.crafting.RecipeManager/]: Parsing error loading recipe dixtas_armory:netherite_spear_two_handed_smithing: com.google.gson.JsonSyntaxException: Unknown item 'dixtas_armory:diamond_spear_two_handed'
[14May2025 15:38:29.847] [main/ERROR] [net.minecraft.world.item.crafting.RecipeManager/]: Parsing error loading recipe farmersrespite:filling/strong_coffee: com.google.gson.JsonSyntaxException: Invalid or unsupported recipe type 'create:filling'
[14May2025 15:38:29.849] [main/ERROR] [net.minecraft.world.item.crafting.RecipeManager/]: Parsing error loading recipe dixtas_armory:electrum_battle_axe: com.google.gson.JsonSyntaxException: Invalid or unsupported recipe type 'minecraft:smithing'
[14May2025 15:38:29.851] [main/ERROR] [net.minecraft.world.item.crafting.RecipeManager/]: Parsing error loading recipe farmersrespite:filling/strong_yellow_tea: com.google.gson.JsonSyntaxException: Invalid or unsupported recipe type 'create:filling'
[14May2025 15:38:29.853] [main/ERROR] [net.minecraft.world.item.crafting.RecipeManager/]: Parsing error loading recipe farmersrespite:emptying/long_green_tea: com.google.gson.JsonSyntaxException: Invalid or unsupported recipe type 'create:emptying'
[14May2025 15:38:29.860] [main/ERROR] [net.minecraft.world.item.crafting.RecipeManager/]: Parsing error loading recipe dixtas_armory:netherite_battle_axe_two_handed_smithing: com.google.gson.JsonSyntaxException: Unknown item 'dixtas_armory:diamond_battle_axe_two_handed'
[14May2025 15:38:29.861] [main/ERROR] [net.minecraft.world.item.crafting.RecipeManager/]: Parsing error loading recipe dixtas_armory:adamantite_javelin: com.google.gson.JsonSyntaxException: Invalid or unsupported recipe type 'minecraft:smithing'
[14May2025 15:38:29.862] [main/ERROR] [net.minecraft.world.item.crafting.RecipeManager/]: Parsing error loading recipe dixtas_armory:adamantite_katana: com.google.gson.JsonSyntaxException: Invalid or unsupported recipe type 'minecraft:smithing'
[14May2025 15:38:29.862] [main/ERROR] [net.minecraft.world.item.crafting.RecipeManager/]: Parsing error loading recipe dixtas_armory:electrum_halberd: com.google.gson.JsonSyntaxException: Invalid or unsupported recipe type 'minecraft:smithing'
[14May2025 15:38:29.863] [main/ERROR] [net.minecraft.world.item.crafting.RecipeManager/]: Parsing error loading recipe dixtas_armory:iron_throwing_knife: com.google.gson.JsonSyntaxException: Unknown item 'dixtas_armory:iron_throwing_knife'
[14May2025 15:38:29.864] [main/ERROR] [net.minecraft.world.item.crafting.RecipeManager/]: Parsing error loading recipe dixtas_armory:netherite_javelin: com.google.gson.JsonSyntaxException: Invalid or unsupported recipe type 'minecraft:smithing'
[14May2025 15:38:29.868] [main/ERROR] [net.minecraft.world.item.crafting.RecipeManager/]: Parsing error loading recipe dixtas_armory:adamantite_glaive: com.google.gson.JsonSyntaxException: Invalid or unsupported recipe type 'minecraft:smithing'
[14May2025 15:38:29.868] [main/ERROR] [net.minecraft.world.item.crafting.RecipeManager/]: Parsing error loading recipe farmersrespite:emptying/strong_apple_cider: com.google.gson.JsonSyntaxException: Invalid or unsupported recipe type 'create:emptying'
[14May2025 15:38:29.870] [main/ERROR] [net.minecraft.world.item.crafting.RecipeManager/]: Parsing error loading recipe farmersrespite:emptying/long_dandelion_tea: com.google.gson.JsonSyntaxException: Invalid or unsupported recipe type 'create:emptying'
[14May2025 15:38:29.874] [main/ERROR] [net.minecraft.world.item.crafting.RecipeManager/]: Parsing error loading recipe farmersrespite:filling/strong_black_tea: com.google.gson.JsonSyntaxException: Invalid or unsupported recipe type 'create:filling'
[14May2025 15:38:29.876] [main/ERROR] [net.minecraft.world.item.crafting.RecipeManager/]: Parsing error loading recipe dixtas_armory:adamantite_pike: com.google.gson.JsonSyntaxException: Invalid or unsupported recipe type 'minecraft:smithing'
[14May2025 15:38:29.877] [main/ERROR] [net.minecraft.world.item.crafting.RecipeManager/]: Parsing error loading recipe farmersrespite:emptying/long_apple_cider: com.google.gson.JsonSyntaxException: Invalid or unsupported recipe type 'create:emptying'
[14May2025 15:38:29.879] [main/ERROR] [net.minecraft.world.item.crafting.RecipeManager/]: Parsing error loading recipe dixtas_armory:electrum_chakram: com.google.gson.JsonSyntaxException: Invalid or unsupported recipe type 'minecraft:smithing'
[14May2025 15:38:29.880] [main/ERROR] [net.minecraft.world.item.crafting.RecipeManager/]: Parsing error loading recipe farmersrespite:emptying/long_gamblers_tea: com.google.gson.JsonSyntaxException: Invalid or unsupported recipe type 'create:emptying'
[14May2025 15:38:29.881] [main/ERROR] [net.minecraft.world.item.crafting.RecipeManager/]: Parsing error loading recipe dixtas_armory:netherite_battle_axe: com.google.gson.JsonSyntaxException: Invalid or unsupported recipe type 'minecraft:smithing'
[14May2025 15:38:29.881] [main/ERROR] [net.minecraft.world.item.crafting.RecipeManager/]: Parsing error loading recipe farmersrespite:filling/strong_hot_cocoa: com.google.gson.JsonSyntaxException: Invalid or unsupported recipe type 'create:filling'
[14May2025 15:38:29.882] [main/ERROR] [net.minecraft.world.item.crafting.RecipeManager/]: Parsing error loading recipe farmersrespite:filling/purulent_tea: com.google.gson.JsonSyntaxException: Invalid or unsupported recipe type 'create:filling'
[14May2025 15:38:29.884] [main/ERROR] [net.minecraft.world.item.crafting.RecipeManager/]: Parsing error loading recipe dixtas_armory:adamantite_stiletto_smithing: com.google.gson.JsonSyntaxException: Unknown item 'enlightened_end:adamantite_smithing_template'
[14May2025 15:38:29.889] [main/ERROR] [net.minecraft.world.item.crafting.RecipeManager/]: Parsing error loading recipe dixtas_armory:netherite_throwing_knife: com.google.gson.JsonSyntaxException: Invalid or unsupported recipe type 'minecraft:smithing'
[14May2025 15:38:29.890] [main/ERROR] [net.minecraft.world.item.crafting.RecipeManager/]: Parsing error loading recipe dixtas_armory:adamantite_throwing_knife: com.google.gson.JsonSyntaxException: Invalid or unsupported recipe type 'minecraft:smithing'
[14May2025 15:38:29.891] [main/ERROR] [net.minecraft.world.item.crafting.RecipeManager/]: Parsing error loading recipe dixtas_armory:electrum_rapier: com.google.gson.JsonSyntaxException: Invalid or unsupported recipe type 'minecraft:smithing'
[14May2025 15:38:29.891] [main/ERROR] [net.minecraft.world.item.crafting.RecipeManager/]: Parsing error loading recipe dixtas_armory:adamantite_chakram: com.google.gson.JsonSyntaxException: Invalid or unsupported recipe type 'minecraft:smithing'
[14May2025 15:38:29.892] [main/ERROR] [net.minecraft.world.item.crafting.RecipeManager/]: Parsing error loading recipe dixtas_armory:adamantite_stiletto: com.google.gson.JsonSyntaxException: Invalid or unsupported recipe type 'minecraft:smithing'
[14May2025 15:38:29.893] [main/ERROR] [net.minecraft.world.item.crafting.RecipeManager/]: Parsing error loading recipe dixtas_armory:netherite_chakram: com.google.gson.JsonSyntaxException: Invalid or unsupported recipe type 'minecraft:smithing'
[14May2025 15:38:29.893] [main/ERROR] [net.minecraft.world.item.crafting.RecipeManager/]: Parsing error loading recipe dixtas_armory:adamantite_zweihander_smithing: com.google.gson.JsonSyntaxException: Unknown item 'enlightened_end:adamantite_smithing_template'
[14May2025 15:38:29.895] [main/ERROR] [net.minecraft.world.item.crafting.RecipeManager/]: Parsing error loading recipe dixtas_armory:netherite_dagger: com.google.gson.JsonSyntaxException: Invalid or unsupported recipe type 'minecraft:smithing'
[14May2025 15:38:29.899] [main/ERROR] [net.minecraft.world.item.crafting.RecipeManager/]: Parsing error loading recipe farmersrespite:emptying/long_black_tea: com.google.gson.JsonSyntaxException: Invalid or unsupported recipe type 'create:emptying'
[14May2025 15:38:29.903] [main/ERROR] [net.minecraft.world.item.crafting.RecipeManager/]: Parsing error loading recipe farmersrespite:filling/strong_green_tea: com.google.gson.JsonSyntaxException: Invalid or unsupported recipe type 'create:filling'
[14May2025 15:38:29.903] [main/ERROR] [net.minecraft.world.item.crafting.RecipeManager/]: Parsing error loading recipe farmersrespite:filling/rose_hip_tea: com.google.gson.JsonSyntaxException: Invalid or unsupported recipe type 'create:filling'
[14May2025 15:38:29.906] [main/ERROR] [net.minecraft.world.item.crafting.RecipeManager/]: Parsing error loading recipe farmersrespite:filling/black_tea: com.google.gson.JsonSyntaxException: Invalid or unsupported recipe type 'create:filling'
[14May2025 15:38:29.906] [main/ERROR] [net.minecraft.world.item.crafting.RecipeManager/]: Parsing error loading recipe dixtas_armory:electrum_katana: com.google.gson.JsonSyntaxException: Invalid or unsupported recipe type 'minecraft:smithing'
[14May2025 15:38:29.909] [main/ERROR] [net.minecraft.world.item.crafting.RecipeManager/]: Parsing error loading recipe farmersrespite:emptying/yellow_tea: com.google.gson.JsonSyntaxException: Invalid or unsupported recipe type 'create:emptying'
[14May2025 15:38:29.910] [main/ERROR] [net.minecraft.world.item.crafting.RecipeManager/]: Parsing error loading recipe farmersrespite:emptying/long_purulent_tea: com.google.gson.JsonSyntaxException: Invalid or unsupported recipe type 'create:emptying'
[14May2025 15:38:29.911] [main/ERROR] [net.minecraft.world.item.crafting.RecipeManager/]: Parsing error loading recipe farmersrespite:emptying/strong_gamblers_tea: com.google.gson.JsonSyntaxException: Invalid or unsupported recipe type 'create:emptying'
[14May2025 15:38:29.911] [main/ERROR] [net.minecraft.world.item.crafting.RecipeManager/]: Parsing error loading recipe dixtas_armory:adamantite_shortsword_smithing: com.google.gson.JsonSyntaxException: Unknown item 'enlightened_end:adamantite_smithing_template'
[14May2025 15:38:29.913] [main/ERROR] [net.minecraft.world.item.crafting.RecipeManager/]: Parsing error loading recipe farmersrespite:filling/long_yellow_tea: com.google.gson.JsonSyntaxException: Invalid or unsupported recipe type 'create:filling'
[14May2025 15:38:29.915] [main/ERROR] [net.minecraft.world.item.crafting.RecipeManager/]: Parsing error loading recipe farmersrespite:filling/strong_gamblers_tea: com.google.gson.JsonSyntaxException: Invalid or unsupported recipe type 'create:filling'
[14May2025 15:38:29.915] [main/ERROR] [net.minecraft.world.item.crafting.RecipeManager/]: Parsing error loading recipe dixtas_armory:electrum_javelin: com.google.gson.JsonSyntaxException: Invalid or unsupported recipe type 'minecraft:smithing'
[14May2025 15:38:29.916] [main/ERROR] [net.minecraft.world.item.crafting.RecipeManager/]: Parsing error loading recipe dixtas_armory:iron_javelin: com.google.gson.JsonSyntaxException: Unknown item 'dixtas_armory:iron_javelin'
[14May2025 15:38:29.917] [main/ERROR] [net.minecraft.world.item.crafting.RecipeManager/]: Parsing error loading recipe farmersrespite:emptying/black_tea: com.google.gson.JsonSyntaxException: Invalid or unsupported recipe type 'create:emptying'
[14May2025 15:38:29.918] [main/ERROR] [net.minecraft.world.item.crafting.RecipeManager/]: Parsing error loading recipe farmersrespite:filling/gamblers_tea: com.google.gson.JsonSyntaxException: Invalid or unsupported recipe type 'create:filling'
[14May2025 15:38:29.919] [main/ERROR] [net.minecraft.world.item.crafting.RecipeManager/]: Parsing error loading recipe dixtas_armory:netherite_katana_two_handed_smithing: com.google.gson.JsonSyntaxException: Unknown item 'dixtas_armory:diamond_katana_two_handed'
[14May2025 15:38:29.921] [main/ERROR] [net.minecraft.world.item.crafting.RecipeManager/]: Parsing error loading recipe farmersrespite:filling/green_tea: com.google.gson.JsonSyntaxException: Invalid or unsupported recipe type 'create:filling'
[14May2025 15:38:29.926] [main/ERROR] [net.minecraft.world.item.crafting.RecipeManager/]: Parsing error loading recipe dixtas_armory:stone_javelin: com.google.gson.JsonSyntaxException: Unknown item 'dixtas_armory:stone_javelin'
[14May2025 15:38:29.926] [main/ERROR] [net.minecraft.world.item.crafting.RecipeManager/]: Parsing error loading recipe dixtas_armory:adamantite_spear: com.google.gson.JsonSyntaxException: Invalid or unsupported recipe type 'minecraft:smithing'
[14May2025 15:38:29.927] [main/ERROR] [net.minecraft.world.item.crafting.RecipeManager/]: Parsing error loading recipe dixtas_armory:adamantite_pike_smithing: com.google.gson.JsonSyntaxException: Unknown item 'enlightened_end:adamantite_smithing_template'
[14May2025 15:38:29.931] [main/ERROR] [net.minecraft.world.item.crafting.RecipeManager/]: Parsing error loading recipe dixtas_armory:diamond_throwing_knife: com.google.gson.JsonSyntaxException: Unknown item 'dixtas_armory:diamond_throwing_knife'
[14May2025 15:38:29.933] [main/ERROR] [net.minecraft.world.item.crafting.RecipeManager/]: Parsing error loading recipe dixtas_armory:adamantite_rapier: com.google.gson.JsonSyntaxException: Invalid or unsupported recipe type 'minecraft:smithing'
[14May2025 15:38:29.935] [main/ERROR] [net.minecraft.world.item.crafting.RecipeManager/]: Parsing error loading recipe farmersrespite:pouring/water_cup: com.google.gson.JsonSyntaxException: Unknown item 'miners_delight:copper_cup'
[14May2025 15:38:29.937] [main/ERROR] [net.minecraft.world.item.crafting.RecipeManager/]: Parsing error loading recipe dixtas_armory:netherite_zweihander: com.google.gson.JsonSyntaxException: Invalid or unsupported recipe type 'minecraft:smithing'
[14May2025 15:38:29.938] [main/ERROR] [net.minecraft.world.item.crafting.RecipeManager/]: Parsing error loading recipe dixtas_armory:adamantite_battle_axe_smithing: com.google.gson.JsonSyntaxException: Unknown item 'enlightened_end:adamantite_smithing_template'
[14May2025 15:38:29.940] [main/ERROR] [net.minecraft.world.item.crafting.RecipeManager/]: Parsing error loading recipe dixtas_armory:netherite_shuriken_smithing: com.google.gson.JsonSyntaxException: Unknown item 'dixtas_armory:diamond_shuriken'
[14May2025 15:38:29.944] [main/ERROR] [net.minecraft.world.item.crafting.RecipeManager/]: Parsing error loading recipe farmersrespite:filling/long_gamblers_tea: com.google.gson.JsonSyntaxException: Invalid or unsupported recipe type 'create:filling'
[14May2025 15:38:29.945] [main/ERROR] [net.minecraft.world.item.crafting.RecipeManager/]: Parsing error loading recipe farmersrespite:emptying/water_cup: com.google.gson.JsonSyntaxException: Invalid or unsupported recipe type 'create:emptying'
[14May2025 15:38:29.946] [main/ERROR] [net.minecraft.world.item.crafting.RecipeManager/]: Parsing error loading recipe dixtas_armory:diamond_chakram: com.google.gson.JsonSyntaxException: Unknown item 'dixtas_armory:diamond_chakram'
[14May2025 15:38:29.947] [main/ERROR] [net.minecraft.world.item.crafting.RecipeManager/]: Parsing error loading recipe farmersrespite:emptying/strong_purulent_tea: com.google.gson.JsonSyntaxException: Invalid or unsupported recipe type 'create:emptying'
[14May2025 15:38:29.952] [main/ERROR] [net.minecraft.world.item.crafting.RecipeManager/]: Parsing error loading recipe dixtas_armory:netherite_rapier: com.google.gson.JsonSyntaxException: Invalid or unsupported recipe type 'minecraft:smithing'
[14May2025 15:38:29.954] [main/ERROR] [net.minecraft.world.item.crafting.RecipeManager/]: Parsing error loading recipe dixtas_armory:electrum_shortsword: com.google.gson.JsonSyntaxException: Invalid or unsupported recipe type 'minecraft:smithing'
[14May2025 15:38:29.964] [main/ERROR] [net.minecraft.world.item.crafting.RecipeManager/]: Parsing error loading recipe farmersrespite:emptying/strong_hot_cocoa: com.google.gson.JsonSyntaxException: Invalid or unsupported recipe type 'create:emptying'
[14May2025 15:38:29.964] [main/ERROR] [net.minecraft.world.item.crafting.RecipeManager/]: Parsing error loading recipe farmersrespite:filling/long_purulent_tea: com.google.gson.JsonSyntaxException: Invalid or unsupported recipe type 'create:filling'
[14May2025 15:38:29.965] [main/ERROR] [net.minecraft.world.item.crafting.RecipeManager/]: Parsing error loading recipe farmersrespite:emptying/gamblers_tea: com.google.gson.JsonSyntaxException: Invalid or unsupported recipe type 'create:emptying'
[14May2025 15:38:29.965] [main/ERROR] [net.minecraft.world.item.crafting.RecipeManager/]: Parsing error loading recipe farmersrespite:emptying/green_tea: com.google.gson.JsonSyntaxException: Invalid or unsupported recipe type 'create:emptying'
[14May2025 15:38:29.966] [main/ERROR] [net.minecraft.world.item.crafting.RecipeManager/]: Parsing error loading recipe farmersrespite:emptying/melon_juice: com.google.gson.JsonSyntaxException: Invalid or unsupported recipe type 'create:emptying'
[14May2025 15:38:29.970] [main/ERROR] [net.minecraft.world.item.crafting.RecipeManager/]: Parsing error loading recipe dixtas_armory:wooden_throwing_knife: com.google.gson.JsonSyntaxException: Unknown item 'dixtas_armory:wooden_throwing_knife'
[14May2025 15:38:29.971] [main/ERROR] [net.minecraft.world.item.crafting.RecipeManager/]: Parsing error loading recipe dixtas_armory:adamantite_greatsword_smithing: com.google.gson.JsonSyntaxException: Unknown item 'enlightened_end:adamantite_smithing_template'
[14May2025 15:38:29.971] [main/ERROR] [net.minecraft.world.item.crafting.RecipeManager/]: Parsing error loading recipe dixtas_armory:electrum_stiletto: com.google.gson.JsonSyntaxException: Invalid or unsupported recipe type 'minecraft:smithing'
[14May2025 15:38:29.972] [main/ERROR] [net.minecraft.world.item.crafting.RecipeManager/]: Parsing error loading recipe farmersrespite:filling/yellow_tea: com.google.gson.JsonSyntaxException: Invalid or unsupported recipe type 'create:filling'
[14May2025 15:38:29.972] [main/ERROR] [net.minecraft.world.item.crafting.RecipeManager/]: Parsing error loading recipe dixtas_armory:adamantite_twinblade_smithing: com.google.gson.JsonSyntaxException: Unknown item 'enlightened_end:adamantite_smithing_template'
[14May2025 15:38:29.973] [main/ERROR] [net.minecraft.world.item.crafting.RecipeManager/]: Parsing error loading recipe dixtas_armory:adamantite_spear_smithing: com.google.gson.JsonSyntaxException: Unknown item 'enlightened_end:adamantite_smithing_template'
[14May2025 15:38:29.973] [main/ERROR] [net.minecraft.world.item.crafting.RecipeManager/]: Parsing error loading recipe dixtas_armory:electrum_glaive: com.google.gson.JsonSyntaxException: Invalid or unsupported recipe type 'minecraft:smithing'
[14May2025 15:38:29.974] [main/ERROR] [net.minecraft.world.item.crafting.RecipeManager/]: Parsing error loading recipe farmersrespite:emptying/coffee: com.google.gson.JsonSyntaxException: Invalid or unsupported recipe type 'create:emptying'
[14May2025 15:38:29.974] [main/ERROR] [net.minecraft.world.item.crafting.RecipeManager/]: Parsing error loading recipe dixtas_armory:golden_chakram: com.google.gson.JsonSyntaxException: Unknown item 'dixtas_armory:golden_chakram'
[14May2025 15:38:29.976] [main/ERROR] [net.minecraft.world.item.crafting.RecipeManager/]: Parsing error loading recipe farmersrespite:filling/long_coffee: com.google.gson.JsonSyntaxException: Invalid or unsupported recipe type 'create:filling'
[14May2025 15:38:29.977] [main/ERROR] [net.minecraft.world.item.crafting.RecipeManager/]: Parsing error loading recipe farmersrespite:emptying/long_yellow_tea: com.google.gson.JsonSyntaxException: Invalid or unsupported recipe type 'create:emptying'
[14May2025 15:38:29.979] [main/ERROR] [net.minecraft.world.item.crafting.RecipeManager/]: Parsing error loading recipe dixtas_armory:adamantite_shortsword: com.google.gson.JsonSyntaxException: Invalid or unsupported recipe type 'minecraft:smithing'
[14May2025 15:38:29.979] [main/ERROR] [net.minecraft.world.item.crafting.RecipeManager/]: Parsing error loading recipe dixtas_armory:wooden_javelin: com.google.gson.JsonSyntaxException: Unknown item 'dixtas_armory:wooden_javelin'
[14May2025 15:38:29.983] [main/ERROR] [net.minecraft.world.item.crafting.RecipeManager/]: Parsing error loading recipe dixtas_armory:electrum_shuriken: com.google.gson.JsonSyntaxException: Invalid or unsupported recipe type 'minecraft:smithing'
[14May2025 15:38:29.988] [main/ERROR] [net.minecraft.world.item.crafting.RecipeManager/]: Parsing error loading recipe farmersrespite:emptying/strong_black_tea: com.google.gson.JsonSyntaxException: Invalid or unsupported recipe type 'create:emptying'
[14May2025 15:38:29.989] [main/ERROR] [net.minecraft.world.item.crafting.RecipeManager/]: Parsing error loading recipe dixtas_armory:wooden_shuriken: com.google.gson.JsonSyntaxException: Unknown item 'dixtas_armory:wooden_shuriken'
[14May2025 15:38:29.990] [main/ERROR] [net.minecraft.world.item.crafting.RecipeManager/]: Parsing error loading recipe farmersrespite:emptying/long_coffee: com.google.gson.JsonSyntaxException: Invalid or unsupported recipe type 'create:emptying'
[14May2025 15:38:29.991] [main/ERROR] [net.minecraft.world.item.crafting.RecipeManager/]: Parsing error loading recipe farmersrespite:emptying/rose_hip_tea: com.google.gson.JsonSyntaxException: Invalid or unsupported recipe type 'create:emptying'
[14May2025 15:38:29.992] [main/ERROR] [net.minecraft.world.item.crafting.RecipeManager/]: Parsing error loading recipe dixtas_armory:stone_shuriken: com.google.gson.JsonSyntaxException: Unknown item 'dixtas_armory:stone_shuriken'
[14May2025 15:38:29.993] [main/ERROR] [net.minecraft.world.item.crafting.RecipeManager/]: Parsing error loading recipe farmersrespite:filling/strong_purulent_tea: com.google.gson.JsonSyntaxException: Invalid or unsupported recipe type 'create:filling'
[14May2025 15:38:29.994] [main/ERROR] [net.minecraft.world.item.crafting.RecipeManager/]: Parsing error loading recipe farmersrespite:filling/coffee: com.google.gson.JsonSyntaxException: Invalid or unsupported recipe type 'create:filling'
[14May2025 15:38:29.997] [main/ERROR] [net.minecraft.world.item.crafting.RecipeManager/]: Parsing error loading recipe dixtas_armory:adamantite_halberd_smithing: com.google.gson.JsonSyntaxException: Unknown item 'enlightened_end:adamantite_smithing_template'
[14May2025 15:38:29.999] [main/ERROR] [net.minecraft.world.item.crafting.RecipeManager/]: Parsing error loading recipe dixtas_armory:diamond_shuriken: com.google.gson.JsonSyntaxException: Unknown item 'dixtas_armory:diamond_shuriken'
[14May2025 15:38:30.001] [main/ERROR] [net.minecraft.world.item.crafting.RecipeManager/]: Parsing error loading recipe dixtas_armory:iron_shuriken: com.google.gson.JsonSyntaxException: Unknown item 'dixtas_armory:iron_shuriken'
[14May2025 15:38:30.002] [main/ERROR] [net.minecraft.world.item.crafting.RecipeManager/]: Parsing error loading recipe farmersrespite:filling/long_green_tea: com.google.gson.JsonSyntaxException: Invalid or unsupported recipe type 'create:filling'
[14May2025 15:38:30.003] [main/ERROR] [net.minecraft.world.item.crafting.RecipeManager/]: Parsing error loading recipe dixtas_armory:adamantite_zweihander: com.google.gson.JsonSyntaxException: Invalid or unsupported recipe type 'minecraft:smithing'
[14May2025 15:38:30.007] [main/ERROR] [net.minecraft.world.item.crafting.RecipeManager/]: Parsing error loading recipe farmersrespite:emptying/hot_cocoa: com.google.gson.JsonSyntaxException: Invalid or unsupported recipe type 'create:emptying'
[14May2025 15:38:30.008] [main/ERROR] [net.minecraft.world.item.crafting.RecipeManager/]: Parsing error loading recipe dixtas_armory:golden_javelin: com.google.gson.JsonSyntaxException: Unknown item 'dixtas_armory:golden_javelin'
[14May2025 15:38:30.010] [main/ERROR] [net.minecraft.world.item.crafting.RecipeManager/]: Parsing error loading recipe dixtas_armory:netherite_twinblade: com.google.gson.JsonSyntaxException: Invalid or unsupported recipe type 'minecraft:smithing'
[14May2025 15:38:30.010] [main/ERROR] [net.minecraft.world.item.crafting.RecipeManager/]: Parsing error loading recipe dixtas_armory:netherite_greatsword: com.google.gson.JsonSyntaxException: Invalid or unsupported recipe type 'minecraft:smithing'
[14May2025 15:38:30.011] [main/ERROR] [net.minecraft.world.item.crafting.RecipeManager/]: Parsing error loading recipe dixtas_armory:netherite_throwing_knife_smithing: com.google.gson.JsonSyntaxException: Unknown item 'dixtas_armory:diamond_throwing_knife'
[14May2025 15:38:30.012] [main/ERROR] [net.minecraft.world.item.crafting.RecipeManager/]: Parsing error loading recipe farmersrespite:emptying/strong_coffee: com.google.gson.JsonSyntaxException: Invalid or unsupported recipe type 'create:emptying'
[14May2025 15:38:30.017] [main/ERROR] [net.minecraft.world.item.crafting.RecipeManager/]: Parsing error loading recipe dixtas_armory:netherite_glaive: com.google.gson.JsonSyntaxException: Invalid or unsupported recipe type 'minecraft:smithing'
[14May2025 15:38:30.018] [main/ERROR] [net.minecraft.world.item.crafting.RecipeManager/]: Parsing error loading recipe farmersrespite:filling/melon_juice: com.google.gson.JsonSyntaxException: Invalid or unsupported recipe type 'create:filling'
[14May2025 15:38:30.019] [main/ERROR] [net.minecraft.world.item.crafting.RecipeManager/]: Parsing error loading recipe dixtas_armory:netherite_longsword: com.google.gson.JsonSyntaxException: Invalid or unsupported recipe type 'minecraft:smithing'
[14May2025 15:38:30.020] [main/ERROR] [net.minecraft.world.item.crafting.RecipeManager/]: Parsing error loading recipe farmersrespite:filling/strong_apple_cider: com.google.gson.JsonSyntaxException: Invalid or unsupported recipe type 'create:filling'
[14May2025 15:38:30.021] [main/ERROR] [net.minecraft.world.item.crafting.RecipeManager/]: Parsing error loading recipe farmersrespite:filling/long_rose_hip_tea: com.google.gson.JsonSyntaxException: Invalid or unsupported recipe type 'create:filling'
[14May2025 15:38:30.025] [main/ERROR] [net.minecraft.world.item.crafting.RecipeManager/]: Parsing error loading recipe dixtas_armory:electrum_longsword: com.google.gson.JsonSyntaxException: Invalid or unsupported recipe type 'minecraft:smithing'
[14May2025 15:38:30.025] [main/ERROR] [net.minecraft.world.item.crafting.RecipeManager/]: Parsing error loading recipe dixtas_armory:golden_throwing_knife: com.google.gson.JsonSyntaxException: Unknown item 'dixtas_armory:golden_throwing_knife'
[14May2025 15:38:30.026] [main/ERROR] [net.minecraft.world.item.crafting.RecipeManager/]: Parsing error loading recipe dixtas_armory:netherite_javelin_smithing: com.google.gson.JsonSyntaxException: Unknown item 'dixtas_armory:diamond_javelin'
[14May2025 15:38:30.028] [main/ERROR] [net.minecraft.world.item.crafting.RecipeManager/]: Parsing error loading recipe dixtas_armory:adamantite_longsword: com.google.gson.JsonSyntaxException: Invalid or unsupported recipe type 'minecraft:smithing'
[14May2025 15:38:30.029] [main/ERROR] [net.minecraft.world.item.crafting.RecipeManager/]: Parsing error loading recipe farmersrespite:filling/dandelion_tea: com.google.gson.JsonSyntaxException: Invalid or unsupported recipe type 'create:filling'
[14May2025 15:38:30.031] [main/ERROR] [net.minecraft.world.item.crafting.RecipeManager/]: Parsing error loading recipe dixtas_armory:netherite_shuriken: com.google.gson.JsonSyntaxException: Invalid or unsupported recipe type 'minecraft:smithing'
[14May2025 15:38:30.032] [main/ERROR] [net.minecraft.world.item.crafting.RecipeManager/]: Parsing error loading recipe dixtas_armory:electrum_twinblade: com.google.gson.JsonSyntaxException: Invalid or unsupported recipe type 'minecraft:smithing'
[14May2025 15:38:30.034] [main/ERROR] [net.minecraft.world.item.crafting.RecipeManager/]: Parsing error loading recipe dixtas_armory:adamantite_twinblade: com.google.gson.JsonSyntaxException: Invalid or unsupported recipe type 'minecraft:smithing'
[14May2025 15:38:30.037] [main/INFO] [net.minecraft.world.item.crafting.RecipeManager/]: Loaded 21 recipes
[14May2025 15:38:30.132] [main/ERROR] [net.minecraft.server.ServerAdvancementManager/]: Parsing error loading custom advancement farmersrespite:main/stunt_tea_bush: Invalid criterion trigger: farmersrespite:stunt_tea_bush
[14May2025 15:38:30.234] [main/INFO] [net.minecraft.advancements.AdvancementList/]: Loaded 4375 advancements
[14May2025 15:38:30.243] [main/INFO] [placebo/]: Registered 0 additional recipes.
[14May2025 15:38:30.244] [main/INFO] [atomicstryker.dynamiclights.server.ItemLightLevels/]: Clearing item tag to light level mapping cache
[14May2025 15:38:30.245] [main/INFO] [io.github.mortuusars.exposure.Exposure/]: Loading exposure lenses:
[14May2025 15:38:30.247] [main/INFO] [io.github.mortuusars.exposure.Exposure/]: Lens [exposure:spyglass, FocalRange[min=55, max=200]] added.
[14May2025 15:38:30.252] [main/WARN] [net.minecraftforge.common.loot.LootModifierManager/]: Unable to decode loot conditions
com.google.gson.JsonSyntaxException: Unknown type 'minecraft:alternatives'
	at net.minecraft.world.level.storage.loot.GsonAdapterFactory$JsonAdapter.deserialize(GsonAdapterFactory.java:99) ~[server-1.20.1-20230612.114412-srg.jar%23307!/:?]
	at com.google.gson.internal.bind.TreeTypeAdapter.read(TreeTypeAdapter.java:76) ~[gson-2.10.jar%2372!/:?]
	at com.google.gson.internal.bind.TypeAdapterRuntimeTypeWrapper.read(TypeAdapterRuntimeTypeWrapper.java:40) ~[gson-2.10.jar%2372!/:?]
	at com.google.gson.internal.bind.ArrayTypeAdapter.read(ArrayTypeAdapter.java:72) ~[gson-2.10.jar%2372!/:?]
	at com.google.gson.Gson.fromJson(Gson.java:1214) ~[gson-2.10.jar%2372!/:?]
	at com.google.gson.Gson.fromJson(Gson.java:1319) ~[gson-2.10.jar%2372!/:?]
	at com.google.gson.Gson.fromJson(Gson.java:1261) ~[gson-2.10.jar%2372!/:?]
	at net.minecraftforge.common.loot.IGlobalLootModifier.lambda$static$1(IGlobalLootModifier.java:39) ~[forge-1.20.1-47.4.0-universal.jar%23312!/:?]
	at com.mojang.serialization.Decoder$1.lambda$decode$1(Decoder.java:49) ~[datafixerupper-6.0.8.jar%2377!/:?]
	at com.mojang.serialization.DataResult.lambda$flatMap$11(DataResult.java:139) ~[datafixerupper-6.0.8.jar%2377!/:?]
	at com.mojang.datafixers.util.Either$Left.map(Either.java:38) ~[datafixerupper-6.0.8.jar%2377!/:?]
	at com.mojang.serialization.DataResult.flatMap(DataResult.java:137) ~[datafixerupper-6.0.8.jar%2377!/:?]
	at com.mojang.serialization.Decoder$1.decode(Decoder.java:49) ~[datafixerupper-6.0.8.jar%2377!/:?]
	at com.mojang.serialization.Codec$2.decode(Codec.java:71) ~[datafixerupper-6.0.8.jar%2377!/:?]
	at com.mojang.serialization.Decoder.parse(Decoder.java:18) ~[datafixerupper-6.0.8.jar%2377!/:?]
	at com.mojang.serialization.codecs.FieldDecoder.decode(FieldDecoder.java:29) ~[datafixerupper-6.0.8.jar%2377!/:?]
	at com.mojang.serialization.MapCodec$1.decode(MapCodec.java:34) ~[datafixerupper-6.0.8.jar%2377!/:?]
	at com.mojang.serialization.codecs.RecordCodecBuilder$Instance$5.decode(RecordCodecBuilder.java:323) ~[datafixerupper-6.0.8.jar%2377!/:?]
	at com.mojang.serialization.codecs.RecordCodecBuilder$2.decode(RecordCodecBuilder.java:107) ~[datafixerupper-6.0.8.jar%2377!/:?]
	at com.mojang.serialization.codecs.KeyDispatchCodec.lambda$decode$3(KeyDispatchCodec.java:67) ~[datafixerupper-6.0.8.jar%2377!/:?]
	at com.mojang.serialization.DataResult.lambda$flatMap$11(DataResult.java:139) ~[datafixerupper-6.0.8.jar%2377!/:?]
	at com.mojang.datafixers.util.Either$Left.map(Either.java:38) ~[datafixerupper-6.0.8.jar%2377!/:?]
	at com.mojang.serialization.DataResult.flatMap(DataResult.java:137) ~[datafixerupper-6.0.8.jar%2377!/:?]
	at com.mojang.serialization.codecs.KeyDispatchCodec.lambda$decode$4(KeyDispatchCodec.java:58) ~[datafixerupper-6.0.8.jar%2377!/:?]
	at com.mojang.serialization.DataResult.lambda$flatMap$11(DataResult.java:139) ~[datafixerupper-6.0.8.jar%2377!/:?]
	at com.mojang.datafixers.util.Either$Left.map(Either.java:38) ~[datafixerupper-6.0.8.jar%2377!/:?]
	at com.mojang.serialization.DataResult.flatMap(DataResult.java:137) ~[datafixerupper-6.0.8.jar%2377!/:?]
	at com.mojang.serialization.codecs.KeyDispatchCodec.decode(KeyDispatchCodec.java:56) ~[datafixerupper-6.0.8.jar%2377!/:?]
	at com.mojang.serialization.MapDecoder.lambda$compressedDecode$1(MapDecoder.java:52) ~[datafixerupper-6.0.8.jar%2377!/:?]
	at com.mojang.serialization.DataResult.lambda$flatMap$11(DataResult.java:139) ~[datafixerupper-6.0.8.jar%2377!/:?]
	at com.mojang.datafixers.util.Either$Left.map(Either.java:38) ~[datafixerupper-6.0.8.jar%2377!/:?]
	at com.mojang.serialization.DataResult.flatMap(DataResult.java:137) ~[datafixerupper-6.0.8.jar%2377!/:?]
	at com.mojang.serialization.MapDecoder.compressedDecode(MapDecoder.java:52) ~[datafixerupper-6.0.8.jar%2377!/:?]
	at com.mojang.serialization.MapCodec$MapCodecCodec.decode(MapCodec.java:91) ~[datafixerupper-6.0.8.jar%2377!/:?]
	at com.mojang.serialization.Decoder.parse(Decoder.java:18) ~[datafixerupper-6.0.8.jar%2377!/:?]
	at net.minecraftforge.common.loot.LootModifierManager.apply(LootModifierManager.java:79) ~[forge-1.20.1-47.4.0-universal.jar%23312!/:?]
	at net.minecraftforge.common.loot.LootModifierManager.m_5787_(LootModifierManager.java:38) ~[forge-1.20.1-47.4.0-universal.jar%23312!/:?]
	at net.minecraft.server.packs.resources.SimplePreparableReloadListener.m_10789_(SimplePreparableReloadListener.java:13) ~[server-1.20.1-20230612.114412-srg.jar%23307!/:?]
	at java.util.concurrent.CompletableFuture$UniAccept.tryFire(CompletableFuture.java:762) ~[?:?]
	at java.util.concurrent.CompletableFuture$Completion.run(CompletableFuture.java:526) ~[?:?]
	at net.minecraft.server.packs.resources.SimpleReloadInstance.m_143940_(SimpleReloadInstance.java:69) ~[server-1.20.1-20230612.114412-srg.jar%23307!/:?]
	at net.minecraft.Util.m_214652_(Util.java:783) ~[server-1.20.1-20230612.114412-srg.jar%23307!/:?]
	at net.minecraft.Util.m_214679_(Util.java:772) ~[server-1.20.1-20230612.114412-srg.jar%23307!/:?]
	at net.minecraft.server.Main.main(Main.java:166) ~[server-1.20.1-20230612.114412-srg.jar%23307!/:?]
	at jdk.internal.reflect.DirectMethodHandleAccessor.invoke(DirectMethodHandleAccessor.java:103) ~[?:?]
	at java.lang.reflect.Method.invoke(Method.java:580) ~[?:?]
	at net.minecraftforge.fml.loading.targets.CommonLaunchHandler.runTarget(CommonLaunchHandler.java:111) ~[fmlloader-1.20.1-47.4.0.jar%2369!/:?]
	at net.minecraftforge.fml.loading.targets.CommonLaunchHandler.serverService(CommonLaunchHandler.java:103) ~[fmlloader-1.20.1-47.4.0.jar%2369!/:?]
	at net.minecraftforge.fml.loading.targets.CommonServerLaunchHandler.lambda$makeService$0(CommonServerLaunchHandler.java:27) ~[fmlloader-1.20.1-47.4.0.jar%2369!/:?]
	at cpw.mods.modlauncher.LaunchServiceHandlerDecorator.launch(LaunchServiceHandlerDecorator.java:30) ~[modlauncher-10.0.9.jar%2355!/:?]
	at cpw.mods.modlauncher.LaunchServiceHandler.launch(LaunchServiceHandler.java:53) ~[modlauncher-10.0.9.jar%2355!/:?]
	at cpw.mods.modlauncher.LaunchServiceHandler.launch(LaunchServiceHandler.java:71) ~[modlauncher-10.0.9.jar%2355!/:?]
	at cpw.mods.modlauncher.Launcher.run(Launcher.java:108) ~[modlauncher-10.0.9.jar%2355!/:?]
	at cpw.mods.modlauncher.Launcher.main(Launcher.java:78) ~[modlauncher-10.0.9.jar%2355!/:?]
	at cpw.mods.modlauncher.BootstrapLaunchConsumer.accept(BootstrapLaunchConsumer.java:26) ~[modlauncher-10.0.9.jar%2355!/:?]
	at cpw.mods.modlauncher.BootstrapLaunchConsumer.accept(BootstrapLaunchConsumer.java:23) ~[modlauncher-10.0.9.jar%2355!/:?]
	at cpw.mods.bootstraplauncher.BootstrapLauncher.main(BootstrapLauncher.java:141) ~[bootstraplauncher-1.1.2.jar:?]
[14May2025 15:38:30.257] [main/WARN] [net.minecraftforge.common.loot.LootModifierManager/]: Could not decode GlobalLootModifier with json id nethersdelight:chopping_leather - error: Unknown type 'minecraft:alternatives'
[14May2025 15:38:30.258] [main/WARN] [net.minecraftforge.common.loot.LootModifierManager/]: Unable to decode loot conditions
com.google.gson.JsonSyntaxException: Unknown type 'minecraft:alternative'
	at net.minecraft.world.level.storage.loot.GsonAdapterFactory$JsonAdapter.deserialize(GsonAdapterFactory.java:99) ~[server-1.20.1-20230612.114412-srg.jar%23307!/:?]
	at com.google.gson.internal.bind.TreeTypeAdapter.read(TreeTypeAdapter.java:76) ~[gson-2.10.jar%2372!/:?]
	at com.google.gson.internal.bind.TypeAdapterRuntimeTypeWrapper.read(TypeAdapterRuntimeTypeWrapper.java:40) ~[gson-2.10.jar%2372!/:?]
	at com.google.gson.internal.bind.ArrayTypeAdapter.read(ArrayTypeAdapter.java:72) ~[gson-2.10.jar%2372!/:?]
	at com.google.gson.Gson.fromJson(Gson.java:1214) ~[gson-2.10.jar%2372!/:?]
	at com.google.gson.Gson.fromJson(Gson.java:1319) ~[gson-2.10.jar%2372!/:?]
	at com.google.gson.Gson.fromJson(Gson.java:1261) ~[gson-2.10.jar%2372!/:?]
	at net.minecraftforge.common.loot.IGlobalLootModifier.lambda$static$1(IGlobalLootModifier.java:39) ~[forge-1.20.1-47.4.0-universal.jar%23312!/:?]
	at com.mojang.serialization.Decoder$1.lambda$decode$1(Decoder.java:49) ~[datafixerupper-6.0.8.jar%2377!/:?]
	at com.mojang.serialization.DataResult.lambda$flatMap$11(DataResult.java:139) ~[datafixerupper-6.0.8.jar%2377!/:?]
	at com.mojang.datafixers.util.Either$Left.map(Either.java:38) ~[datafixerupper-6.0.8.jar%2377!/:?]
	at com.mojang.serialization.DataResult.flatMap(DataResult.java:137) ~[datafixerupper-6.0.8.jar%2377!/:?]
	at com.mojang.serialization.Decoder$1.decode(Decoder.java:49) ~[datafixerupper-6.0.8.jar%2377!/:?]
	at com.mojang.serialization.Codec$2.decode(Codec.java:71) ~[datafixerupper-6.0.8.jar%2377!/:?]
	at com.mojang.serialization.Decoder.parse(Decoder.java:18) ~[datafixerupper-6.0.8.jar%2377!/:?]
	at com.mojang.serialization.codecs.FieldDecoder.decode(FieldDecoder.java:29) ~[datafixerupper-6.0.8.jar%2377!/:?]
	at com.mojang.serialization.MapCodec$1.decode(MapCodec.java:34) ~[datafixerupper-6.0.8.jar%2377!/:?]
	at com.mojang.serialization.codecs.RecordCodecBuilder$Instance$5.decode(RecordCodecBuilder.java:323) ~[datafixerupper-6.0.8.jar%2377!/:?]
	at com.mojang.serialization.codecs.RecordCodecBuilder$2.decode(RecordCodecBuilder.java:107) ~[datafixerupper-6.0.8.jar%2377!/:?]
	at com.mojang.serialization.codecs.KeyDispatchCodec.lambda$decode$3(KeyDispatchCodec.java:67) ~[datafixerupper-6.0.8.jar%2377!/:?]
	at com.mojang.serialization.DataResult.lambda$flatMap$11(DataResult.java:139) ~[datafixerupper-6.0.8.jar%2377!/:?]
	at com.mojang.datafixers.util.Either$Left.map(Either.java:38) ~[datafixerupper-6.0.8.jar%2377!/:?]
	at com.mojang.serialization.DataResult.flatMap(DataResult.java:137) ~[datafixerupper-6.0.8.jar%2377!/:?]
	at com.mojang.serialization.codecs.KeyDispatchCodec.lambda$decode$4(KeyDispatchCodec.java:58) ~[datafixerupper-6.0.8.jar%2377!/:?]
	at com.mojang.serialization.DataResult.lambda$flatMap$11(DataResult.java:139) ~[datafixerupper-6.0.8.jar%2377!/:?]
	at com.mojang.datafixers.util.Either$Left.map(Either.java:38) ~[datafixerupper-6.0.8.jar%2377!/:?]
	at com.mojang.serialization.DataResult.flatMap(DataResult.java:137) ~[datafixerupper-6.0.8.jar%2377!/:?]
	at com.mojang.serialization.codecs.KeyDispatchCodec.decode(KeyDispatchCodec.java:56) ~[datafixerupper-6.0.8.jar%2377!/:?]
	at com.mojang.serialization.MapDecoder.lambda$compressedDecode$1(MapDecoder.java:52) ~[datafixerupper-6.0.8.jar%2377!/:?]
	at com.mojang.serialization.DataResult.lambda$flatMap$11(DataResult.java:139) ~[datafixerupper-6.0.8.jar%2377!/:?]
	at com.mojang.datafixers.util.Either$Left.map(Either.java:38) ~[datafixerupper-6.0.8.jar%2377!/:?]
	at com.mojang.serialization.DataResult.flatMap(DataResult.java:137) ~[datafixerupper-6.0.8.jar%2377!/:?]
	at com.mojang.serialization.MapDecoder.compressedDecode(MapDecoder.java:52) ~[datafixerupper-6.0.8.jar%2377!/:?]
	at com.mojang.serialization.MapCodec$MapCodecCodec.decode(MapCodec.java:91) ~[datafixerupper-6.0.8.jar%2377!/:?]
	at com.mojang.serialization.Decoder.parse(Decoder.java:18) ~[datafixerupper-6.0.8.jar%2377!/:?]
	at net.minecraftforge.common.loot.LootModifierManager.apply(LootModifierManager.java:79) ~[forge-1.20.1-47.4.0-universal.jar%23312!/:?]
	at net.minecraftforge.common.loot.LootModifierManager.m_5787_(LootModifierManager.java:38) ~[forge-1.20.1-47.4.0-universal.jar%23312!/:?]
	at net.minecraft.server.packs.resources.SimplePreparableReloadListener.m_10789_(SimplePreparableReloadListener.java:13) ~[server-1.20.1-20230612.114412-srg.jar%23307!/:?]
	at java.util.concurrent.CompletableFuture$UniAccept.tryFire(CompletableFuture.java:762) ~[?:?]
	at java.util.concurrent.CompletableFuture$Completion.run(CompletableFuture.java:526) ~[?:?]
	at net.minecraft.server.packs.resources.SimpleReloadInstance.m_143940_(SimpleReloadInstance.java:69) ~[server-1.20.1-20230612.114412-srg.jar%23307!/:?]
	at net.minecraft.Util.m_214652_(Util.java:783) ~[server-1.20.1-20230612.114412-srg.jar%23307!/:?]
	at net.minecraft.Util.m_214679_(Util.java:772) ~[server-1.20.1-20230612.114412-srg.jar%23307!/:?]
	at net.minecraft.server.Main.main(Main.java:166) ~[server-1.20.1-20230612.114412-srg.jar%23307!/:?]
	at jdk.internal.reflect.DirectMethodHandleAccessor.invoke(DirectMethodHandleAccessor.java:103) ~[?:?]
	at java.lang.reflect.Method.invoke(Method.java:580) ~[?:?]
	at net.minecraftforge.fml.loading.targets.CommonLaunchHandler.runTarget(CommonLaunchHandler.java:111) ~[fmlloader-1.20.1-47.4.0.jar%2369!/:?]
	at net.minecraftforge.fml.loading.targets.CommonLaunchHandler.serverService(CommonLaunchHandler.java:103) ~[fmlloader-1.20.1-47.4.0.jar%2369!/:?]
	at net.minecraftforge.fml.loading.targets.CommonServerLaunchHandler.lambda$makeService$0(CommonServerLaunchHandler.java:27) ~[fmlloader-1.20.1-47.4.0.jar%2369!/:?]
	at cpw.mods.modlauncher.LaunchServiceHandlerDecorator.launch(LaunchServiceHandlerDecorator.java:30) ~[modlauncher-10.0.9.jar%2355!/:?]
	at cpw.mods.modlauncher.LaunchServiceHandler.launch(LaunchServiceHandler.java:53) ~[modlauncher-10.0.9.jar%2355!/:?]
	at cpw.mods.modlauncher.LaunchServiceHandler.launch(LaunchServiceHandler.java:71) ~[modlauncher-10.0.9.jar%2355!/:?]
	at cpw.mods.modlauncher.Launcher.run(Launcher.java:108) ~[modlauncher-10.0.9.jar%2355!/:?]
	at cpw.mods.modlauncher.Launcher.main(Launcher.java:78) ~[modlauncher-10.0.9.jar%2355!/:?]
	at cpw.mods.modlauncher.BootstrapLaunchConsumer.accept(BootstrapLaunchConsumer.java:26) ~[modlauncher-10.0.9.jar%2355!/:?]
	at cpw.mods.modlauncher.BootstrapLaunchConsumer.accept(BootstrapLaunchConsumer.java:23) ~[modlauncher-10.0.9.jar%2355!/:?]
	at cpw.mods.bootstraplauncher.BootstrapLauncher.main(BootstrapLauncher.java:141) ~[bootstraplauncher-1.1.2.jar:?]
[14May2025 15:38:30.260] [main/WARN] [net.minecraftforge.common.loot.LootModifierManager/]: Could not decode GlobalLootModifier with json id nethersdelight:chopping_string - error: Unknown type 'minecraft:alternative'
[14May2025 15:38:30.270] [main/INFO] [placebo/]: Registered 0 gear_sets.
[14May2025 15:38:30.311] [main/WARN] [net.minecraft.core.MappedRegistry/]: Not all defined tags for registry ResourceKey[minecraft:root / minecraft:worldgen/biome] are present in data pack: minecraft:is_plains
[14May2025 15:38:31.086] [Server thread/INFO] [net.minecraft.server.dedicated.DedicatedServer/]: Starting minecraft server version 1.20.1
[14May2025 15:38:31.086] [Server thread/INFO] [net.minecraft.server.dedicated.DedicatedServer/]: Loading properties
[14May2025 15:38:31.086] [Server thread/INFO] [net.minecraft.server.dedicated.DedicatedServer/]: Default game type: SURVIVAL
[14May2025 15:38:31.087] [Server thread/INFO] [net.minecraft.server.MinecraftServer/]: Generating keypair
[14May2025 15:38:31.199] [Server thread/INFO] [net.minecraft.server.dedicated.DedicatedServer/]: Starting Minecraft server on *:25565
[14May2025 15:38:31.229] [Server thread/INFO] [net.minecraft.server.network.ServerConnectionListener/]: Using default channel type
[14May2025 15:38:31.435] [Server thread/WARN] [net.minecraft.server.dedicated.DedicatedServer/]: **** SERVER IS RUNNING IN OFFLINE/INSECURE MODE!
[14May2025 15:38:31.436] [Server thread/WARN] [net.minecraft.server.dedicated.DedicatedServer/]: The server will make no attempt to authenticate usernames. Beware.
[14May2025 15:38:31.436] [Server thread/WARN] [net.minecraft.server.dedicated.DedicatedServer/]: While this makes the game possible to play without internet access, it also opens up the ability for hackers to connect with any username they choose.
[14May2025 15:38:31.438] [Server thread/WARN] [net.minecraft.server.dedicated.DedicatedServer/]: To change this, set "online-mode" to "true" in the server.properties file.
[14May2025 15:38:31.490] [Server thread/INFO] [journeymap/]: Loading JourneyMap Forge Configs
[14May2025 15:38:31.710] [Server thread/INFO] [FTB Teams/]: loaded team data: 9 known players, 9 teams total
[14May2025 15:38:31.723] [Server thread/INFO] [atomicstryker.dynamiclights.server.modules.PlayerSelfLightSource/]: item config parser identified itemstack 1 torch
[14May2025 15:38:31.723] [Server thread/INFO] [atomicstryker.dynamiclights.server.modules.PlayerSelfLightSource/]: item config parser identified itemstack 1 glowstone
[14May2025 15:38:31.724] [Server thread/INFO] [atomicstryker.dynamiclights.server.modules.PlayerSelfLightSource/]: item config parser finished, item count: 2
[14May2025 15:38:31.724] [Server thread/INFO] [atomicstryker.dynamiclights.server.modules.PlayerSelfLightSource/]: item config parser identified itemstack 1 torch
[14May2025 15:38:31.724] [Server thread/INFO] [atomicstryker.dynamiclights.server.modules.PlayerSelfLightSource/]: item config parser finished, item count: 1
[14May2025 15:38:31.726] [Server thread/INFO] [atomicstryker.dynamiclights.server.modules.DroppedItemsLightSource/]: item config parser identified itemstack 1 torch
[14May2025 15:38:31.727] [Server thread/INFO] [atomicstryker.dynamiclights.server.modules.DroppedItemsLightSource/]: item config parser identified itemstack 1 glowstone
[14May2025 15:38:31.727] [Server thread/INFO] [atomicstryker.dynamiclights.server.modules.DroppedItemsLightSource/]: item config parser finished, item count: 2
[14May2025 15:38:31.727] [Server thread/INFO] [atomicstryker.dynamiclights.server.modules.DroppedItemsLightSource/]: item config parser identified itemstack 1 torch
[14May2025 15:38:31.727] [Server thread/INFO] [atomicstryker.dynamiclights.server.modules.DroppedItemsLightSource/]: item config parser finished, item count: 1
[14May2025 15:38:31.766] [Server thread/INFO] [Framework/]: Loading server configs...
[14May2025 15:38:31.784] [Server thread/INFO] [terrablender/]: Initialized TerraBlender biomes for level stem minecraft:the_nether
[14May2025 15:38:31.915] [Netty Server IO #1/INFO] [com.cupboard.Cupboard/]: Loaded config for: connectivity.json
[14May2025 15:38:32.178] [Server thread/INFO] [terrablender/]: Initialized TerraBlender biomes for level stem minecraft:overworld
[14May2025 15:38:32.179] [Server thread/INFO] [net.minecraft.server.dedicated.DedicatedServer/]: Preparing level "world"
[14May2025 15:38:32.563] [Server thread/INFO] [com.cupboard.Cupboard/]: Loaded config for: betterchunkloading.json
[14May2025 15:38:32.700] [Server thread/INFO] [incontrol/]: Reading rules from areas.json
[14May2025 15:38:32.710] [Server thread/INFO] [incontrol/]: Reading rules from spawn.json
[14May2025 15:38:32.713] [Server thread/INFO] [incontrol/]: Reading rules from summonaid.json
[14May2025 15:38:32.715] [Server thread/INFO] [incontrol/]: Reading rules from loot.json
[14May2025 15:38:32.719] [Server thread/INFO] [incontrol/]: Reading rules from experience.json
[14May2025 15:38:32.721] [Server thread/INFO] [incontrol/]: Reading rules from phases.json
[14May2025 15:38:32.723] [Server thread/INFO] [incontrol/]: Reading rules from effects.json
[14May2025 15:38:32.725] [Server thread/INFO] [incontrol/]: Reading rules from breakevents.json
[14May2025 15:38:32.728] [Server thread/INFO] [incontrol/]: Reading rules from placeevents.json
[14May2025 15:38:32.730] [Server thread/INFO] [incontrol/]: Reading rules from rightclicks.json
[14May2025 15:38:32.732] [Server thread/INFO] [incontrol/]: Reading rules from leftclicks.json
[14May2025 15:38:32.735] [Server thread/INFO] [incontrol/]: Reading rules from spawner.json
[14May2025 15:38:32.737] [Server thread/INFO] [incontrol/]: Reading rules from events.json
[14May2025 15:38:32.820] [Server thread/WARN] [com.structureessentials.StructureEssentials/]: Non-unique structure_set salt:0 potentially creating overlapping structures detected. Structure sets: [minecraft:mineshafts, minecraft:strongholds, minecraft:buried_treasures]
[14May2025 15:38:32.820] [Server thread/WARN] [com.structureessentials.StructureEssentials/]: Non-unique structure_set salt:10387313 potentially creating overlapping structures detected. Structure sets: [minecraft:ocean_monuments, minecraft:end_cities]
[14May2025 15:38:32.821] [Server thread/WARN] [com.structureessentials.StructureEssentials/]: Non-unique structure_set salt:598017285 potentially creating overlapping structures detected. Structure sets: [graveyard:small_desert_graveyard_structure, graveyard:small_graveyard_structure]
[14May2025 15:38:32.822] [Server thread/INFO] [net.minecraft.server.MinecraftServer/]: Preparing start region for dimension minecraft:overworld
[14May2025 15:38:32.830] [Server thread/WARN] [mixin/]: Method overwrite conflict for removeIf in lithium.mixins.json:world.chunk_tickets.SortedArraySetMixin, previously written by org.embeddedt.modernfix.common.mixin.bugfix.paper_chunk_patches.SortedArraySetMixin. Skipping method.
[14May2025 15:38:33.870] [Server thread/INFO] [net.minecraft.server.level.progress.LoggerChunkProgressListener/]: Preparing spawn area: 0%
[14May2025 15:38:33.871] [Server thread/INFO] [net.minecraft.server.level.progress.LoggerChunkProgressListener/]: Preparing spawn area: 0%
[14May2025 15:38:33.871] [Server thread/INFO] [net.minecraft.server.level.progress.LoggerChunkProgressListener/]: Preparing spawn area: 0%
[14May2025 15:38:34.498] [Server thread/INFO] [net.minecraft.server.level.progress.LoggerChunkProgressListener/]: Time elapsed: 1675 ms
[14May2025 15:38:34.498] [Server thread/INFO] [net.minecraft.server.dedicated.DedicatedServer/]: Done (3.043s)! For help, type "help"
[14May2025 15:38:34.552] [Server thread/INFO] [net.minecraftforge.server.permission.PermissionAPI/]: Successfully initialized permission handler forge:default_handler
[14May2025 15:38:34.651] [Server thread/INFO] [FTB Quests/]: Loading quests from D:\Cave Horror 1.20.1 v2.2.1-Server_Pack\config\ftbquests\quests
[14May2025 15:38:34.693] [Server thread/INFO] [FTB Quests/]: Loaded 1 chapter groups, 4 chapters, 101 quests, 0 reward tables
[14May2025 15:38:34.721] [Server thread/INFO] [com.cupboard.Cupboard/]: Loaded config for: chunksending.json
[14May2025 15:38:34.721] [Server thread/INFO] [com.cupboard.Cupboard/]: Loaded config for: smoothchunk.json
[14May2025 15:38:34.724] [Server thread/WARN] [voicechat/]: [voicechat] Running in offline mode - Voice chat encryption is not secure!
[14May2025 15:38:34.734] [VoiceChatServerThread/INFO] [voicechat/]: [voicechat] Voice host is 'contents-gain.gl.at.ply.gg:1889'
[14May2025 15:38:34.735] [VoiceChatServerThread/INFO] [voicechat/]: [voicechat] Voice chat server started at port 25564
[14May2025 15:38:34.765] [Server thread/WARN] [ModernFix/]: Dedicated server took 38.111 seconds to load
[14May2025 15:38:43.680] [Server thread/INFO] [net.minecraft.server.network.ServerLoginPacketListenerImpl/]: com.mojang.authlib.GameProfile@466c3b6a[id=<null>,name=Umi,properties={},legacy=false] (/127.106.118.119:49247) lost connection: Disconnected
[14May2025 15:38:50.590] [Server thread/INFO] [net.minecraft.server.players.PlayerList/]: Anonmouse[/127.108.229.235:49251] logged in with entity id 611 at (-533.0071157958193, 76.0, -1499.1934974498538)
[14May2025 15:38:50.681] [Server thread/INFO] [net.minecraft.server.MinecraftServer/]: Anonmouse joined the game
[14May2025 15:38:51.093] [Server thread/INFO] [voicechat/]: [voicechat] Received secret request of Anonmouse (18)
[14May2025 15:38:51.095] [Server thread/INFO] [voicechat/]: [voicechat] Sent secret to Anonmouse
[14May2025 15:38:53.790] [VoiceChatPacketProcessingThread/INFO] [voicechat/]: [voicechat] Successfully authenticated player f2b9950e-825f-3ef7-a6be-85e2f53d678c
[14May2025 15:38:54.801] [VoiceChatPacketProcessingThread/INFO] [voicechat/]: [voicechat] Successfully validated connection of player f2b9950e-825f-3ef7-a6be-85e2f53d678c
[14May2025 15:38:54.804] [VoiceChatPacketProcessingThread/INFO] [voicechat/]: [voicechat] Player Anonmouse (f2b9950e-825f-3ef7-a6be-85e2f53d678c) successfully connected to voice chat
[14May2025 15:38:54.985] [Server thread/INFO] [net.minecraft.server.MinecraftServer/]: Anonmouse was slain by Solifuge Skulker
[14May2025 15:39:20.146] [Server thread/INFO] [net.minecraft.server.players.PlayerList/]: secgay[/127.0.0.1:49261] logged in with entity id 745 at (857.625759337574, 60.0, -2931.300000011921)
[14May2025 15:39:20.161] [Server thread/INFO] [net.minecraft.server.MinecraftServer/]: secgay joined the game
[14May2025 15:39:20.517] [Server thread/INFO] [voicechat/]: [voicechat] Received secret request of secgay (18)
[14May2025 15:39:20.518] [Server thread/INFO] [voicechat/]: [voicechat] Sent secret to secgay
[14May2025 15:39:23.491] [VoiceChatPacketProcessingThread/INFO] [voicechat/]: [voicechat] Successfully authenticated player 3eaf9c5f-110c-366f-bb65-3f0a4ff52881
[14May2025 15:39:24.517] [VoiceChatPacketProcessingThread/INFO] [voicechat/]: [voicechat] Successfully validated connection of player 3eaf9c5f-110c-366f-bb65-3f0a4ff52881
[14May2025 15:39:24.518] [VoiceChatPacketProcessingThread/INFO] [voicechat/]: [voicechat] Player secgay (3eaf9c5f-110c-366f-bb65-3f0a4ff52881) successfully connected to voice chat
[14May2025 15:39:48.100] [Server thread/INFO] [net.minecraft.server.players.PlayerList/]: GrayWolf[/127.22.117.129:49271] logged in with entity id 1126 at (862.3603795429432, 60.0, -2937.485519192996)
[14May2025 15:39:48.113] [Server thread/INFO] [net.minecraft.server.MinecraftServer/]: GrayWolf joined the game
[14May2025 15:39:48.495] [Server thread/INFO] [voicechat/]: [voicechat] Received secret request of GrayWolf (18)
[14May2025 15:39:48.495] [Server thread/INFO] [voicechat/]: [voicechat] Sent secret to GrayWolf
[14May2025 15:39:54.949] [VoiceChatPacketProcessingThread/INFO] [voicechat/]: [voicechat] Successfully authenticated player 46ee261b-1a22-31d2-ba38-d2196259e65b
[14May2025 15:39:55.975] [VoiceChatPacketProcessingThread/INFO] [voicechat/]: [voicechat] Successfully validated connection of player 46ee261b-1a22-31d2-ba38-d2196259e65b
[14May2025 15:39:55.976] [VoiceChatPacketProcessingThread/INFO] [voicechat/]: [voicechat] Player GrayWolf (46ee261b-1a22-31d2-ba38-d2196259e65b) successfully connected to voice chat
[14May2025 15:40:45.376] [Server thread/INFO] [net.minecraft.server.MinecraftServer/]: Anonmouse was slain by Solifuge Skulker
[14May2025 15:41:05.165] [Server thread/INFO] [net.minecraft.server.players.PlayerList/]: Memev0v[/127.104.177.222:49283] logged in with entity id 1599 at (861.9798799839324, 60.0, -2934.8079334761765)
[14May2025 15:41:05.174] [Server thread/INFO] [net.minecraft.server.MinecraftServer/]: Memev0v joined the game
[14May2025 15:41:05.524] [Server thread/INFO] [voicechat/]: [voicechat] Received secret request of Memev0v (18)
[14May2025 15:41:05.525] [Server thread/INFO] [voicechat/]: [voicechat] Sent secret to Memev0v
[14May2025 15:41:08.798] [VoiceChatPacketProcessingThread/INFO] [voicechat/]: [voicechat] Successfully authenticated player 5626b921-46f8-31d4-a91b-497858937f62
[14May2025 15:41:09.798] [VoiceChatPacketProcessingThread/INFO] [voicechat/]: [voicechat] Successfully validated connection of player 5626b921-46f8-31d4-a91b-497858937f62
[14May2025 15:41:09.799] [VoiceChatPacketProcessingThread/INFO] [voicechat/]: [voicechat] Player Memev0v (5626b921-46f8-31d4-a91b-497858937f62) successfully connected to voice chat
[14May2025 15:42:26.958] [Server thread/INFO] [net.minecraft.server.players.PlayerList/]: Umi[/127.106.118.119:49292] logged in with entity id 1976 at (-528.5, 76.5625, -1505.5)
[14May2025 15:42:26.965] [Server thread/INFO] [net.minecraft.server.MinecraftServer/]: Umi joined the game
[14May2025 15:42:27.264] [Server thread/INFO] [voicechat/]: [voicechat] Received secret request of Umi (18)
[14May2025 15:42:27.265] [Server thread/INFO] [voicechat/]: [voicechat] Sent secret to Umi
[14May2025 15:42:32.657] [VoiceChatPacketProcessingThread/INFO] [voicechat/]: [voicechat] Successfully authenticated player cef2b3ac-ff24-3d5d-86b5-c383d13b4045
[14May2025 15:42:33.655] [VoiceChatPacketProcessingThread/INFO] [voicechat/]: [voicechat] Successfully validated connection of player cef2b3ac-ff24-3d5d-86b5-c383d13b4045
[14May2025 15:42:33.655] [VoiceChatPacketProcessingThread/INFO] [voicechat/]: [voicechat] Player Umi (cef2b3ac-ff24-3d5d-86b5-c383d13b4045) successfully connected to voice chat
[14May2025 15:44:08.568] [Server thread/INFO] [net.minecraft.server.MinecraftServer/]: [Not Secure] <Umi> Memev0v
[14May2025 15:44:13.564] [Server thread/INFO] [net.minecraft.server.MinecraftServer/]: Anonmouse died
[14May2025 15:44:14.702] [Server thread/INFO] [net.minecraft.server.MinecraftServer/]: [Not Secure] <Umi> tngủ đi mn
[14May2025 15:44:25.342] [Server thread/WARN] [net.minecraft.server.MinecraftServer/]: Can't keep up! Is the server overloaded? Running 3625ms or 72 ticks behind
[14May2025 15:44:29.748] [Server thread/INFO] [net.minecraft.server.MinecraftServer/]: [Not Secure] <Anonmouse> thang nao tha cua cho bo ra roi :))
[14May2025 15:44:38.244] [Server thread/INFO] [net.minecraft.server.MinecraftServer/]: [Not Secure] <Memev0v> ?
[14May2025 15:44:46.508] [Server thread/INFO] [net.minecraft.server.MinecraftServer/]: [Not Secure] <Memev0v> s song hay v
[14May2025 15:44:46.508] [Server thread/WARN] [net.minecraft.server.MinecraftServer/]: Can't keep up! Is the server overloaded? Running 5142ms or 102 ticks behind
[14May2025 15:45:42.733] [Server thread/WARN] [net.minecraft.server.MinecraftServer/]: Can't keep up! Is the server overloaded? Running 3466ms or 69 ticks behind
[14May2025 15:47:07.663] [Server thread/WARN] [net.minecraft.server.MinecraftServer/]: Can't keep up! Is the server overloaded? Running 3946ms or 78 ticks behind
[14May2025 15:47:10.120] [Server thread/INFO] [net.minecraft.server.MinecraftServer/]: [Not Secure] <Umi> gần nhà có con j v
[14May2025 15:47:18.303] [Server thread/INFO] [net.minecraft.server.MinecraftServer/]: [Not Secure] <Umi> nãy giờ cứ nghe tiếng
[14May2025 15:47:56.848] [Server thread/WARN] [net.minecraft.server.MinecraftServer/]: Can't keep up! Is the server overloaded? Running 2781ms or 55 ticks behind
[14May2025 15:48:22.508] [Server thread/WARN] [net.minecraft.server.MinecraftServer/]: Can't keep up! Is the server overloaded? Running 2142ms or 42 ticks behind
[14May2025 15:49:38.073] [Server thread/WARN] [net.minecraft.server.MinecraftServer/]: Can't keep up! Is the server overloaded? Running 2006ms or 40 ticks behind
[14May2025 15:50:00.625] [Server thread/INFO] [net.minecraft.server.MinecraftServer/]: GrayWolf was slain by Spider
[14May2025 15:50:05.454] [Server thread/WARN] [net.minecraft.server.MinecraftServer/]: Can't keep up! Is the server overloaded? Running 2037ms or 40 ticks behind
[14May2025 15:51:11.702] [Server thread/WARN] [net.minecraft.server.MinecraftServer/]: Can't keep up! Is the server overloaded? Running 2085ms or 41 ticks behind
[14May2025 15:55:48.222] [Server thread/WARN] [net.minecraft.server.network.ServerGamePacketListenerImpl/]: Boat with Chest (vehicle of secgay) moved too quickly! -8.798635894799645,0.0,5.5055165770518215
[14May2025 15:55:48.223] [Server thread/WARN] [net.minecraft.server.network.ServerGamePacketListenerImpl/]: Boat with Chest (vehicle of secgay) moved too quickly! -9.140627523939202,0.0,5.712685507092374
[14May2025 15:55:48.225] [Server thread/WARN] [net.minecraft.server.network.ServerGamePacketListenerImpl/]: Boat with Chest (vehicle of secgay) moved too quickly! -9.482715317423072,0.0,5.919724668708113
[14May2025 15:55:48.225] [Server thread/WARN] [net.minecraft.server.network.ServerGamePacketListenerImpl/]: Boat with Chest (vehicle of secgay) moved too quickly! -9.824891633218385,0.0,6.126643751175834
[14May2025 15:55:48.226] [Server thread/WARN] [net.minecraft.server.network.ServerGamePacketListenerImpl/]: Boat with Chest (vehicle of secgay) moved too quickly! -10.167149589770588,0.0,6.3334514748444235
[14May2025 15:55:48.226] [Server thread/WARN] [net.minecraft.server.network.ServerGamePacketListenerImpl/]: Boat with Chest (vehicle of secgay) moved too quickly! -10.509481023001854,0.0,6.540158975596569
[14May2025 15:55:48.228] [Server thread/WARN] [net.minecraft.server.network.ServerGamePacketListenerImpl/]: Boat with Chest (vehicle of secgay) moved too quickly! -10.851880559646588,0.0,6.746772986294673
[14May2025 15:55:48.228] [Server thread/WARN] [net.minecraft.server.network.ServerGamePacketListenerImpl/]: Boat with Chest (vehicle of secgay) moved too quickly! -11.194341389361625,0.0,6.953302855946731
[14May2025 15:55:48.229] [Server thread/WARN] [net.minecraft.server.network.ServerGamePacketListenerImpl/]: Boat with Chest (vehicle of secgay) moved too quickly! -11.536857382838548,0.0,7.159756998659304
[14May2025 15:55:48.230] [Server thread/WARN] [net.minecraft.server.network.ServerGamePacketListenerImpl/]: Boat with Chest (vehicle of secgay) moved too quickly! -11.879424998103786,0.0,7.366139697696781
[14May2025 15:55:48.231] [Server thread/WARN] [net.minecraft.server.network.ServerGamePacketListenerImpl/]: Boat with Chest (vehicle of secgay) moved too quickly! -12.222039072977168,0.0,7.572458097428353
[14May2025 15:55:48.232] [Server thread/WARN] [net.minecraft.server.network.ServerGamePacketListenerImpl/]: Boat with Chest (vehicle of secgay) moved too quickly! -12.564694961496912,0.0,7.77871862778602
[14May2025 15:55:48.248] [Server thread/WARN] [net.minecraft.server.network.ServerGamePacketListenerImpl/]: Boat with Chest (vehicle of secgay) moved too quickly! -12.907388482297279,0.0,7.984927075708583
[14May2025 15:55:48.248] [Server thread/WARN] [net.minecraft.server.MinecraftServer/]: Can't keep up! Is the server overloaded? Running 2432ms or 48 ticks behind
[14May2025 15:56:17.046] [Server thread/INFO] [net.minecraft.server.MinecraftServer/]: [Not Secure] <Anonmouse> he
[14May2025 15:56:20.102] [Server thread/INFO] [net.minecraft.server.MinecraftServer/]: [Not Secure] <Anonmouse> sao m o day
[14May2025 15:56:29.353] [Server thread/INFO] [net.minecraft.server.MinecraftServer/]: [Not Secure] <Umi> hẻ
[14May2025 15:56:35.407] [Server thread/INFO] [net.minecraft.server.MinecraftServer/]: [Not Secure] <Umi> sao t ko ở đây
[14May2025 15:57:00.555] [Server thread/INFO] [net.minecraft.server.MinecraftServer/]: [Not Secure] <Anonmouse> ra ngoai
[14May2025 15:59:58.121] [Server thread/INFO] [com.lgow.endofherobrine.entity.herobrine.AbstractHerobrine/]: LURKER spawned at BlockPos{x=780, y=63, z=-2933}
[14May2025 16:00:30.504] [Server thread/WARN] [net.minecraft.server.network.ServerGamePacketListenerImpl/]: Boat with Chest (vehicle of Memev0v) moved wrongly! 0.25241920707776444
[14May2025 16:00:36.067] [Server thread/WARN] [net.minecraft.server.network.ServerGamePacketListenerImpl/]: Boat with Chest (vehicle of secgay) moved too quickly! -0.5676199102325654,0.0,10.226650135373347
[14May2025 16:00:36.069] [Server thread/WARN] [net.minecraft.server.network.ServerGamePacketListenerImpl/]: Boat with Chest (vehicle of GrayWolf) moved too quickly! -9.869094409477157,0.0,1.6987034894232238
[14May2025 16:04:07.755] [Server thread/WARN] [net.minecraft.server.network.ServerGamePacketListenerImpl/]: Boat with Chest (vehicle of Memev0v) moved too quickly! -8.92495821118639,0.0,5.285437144014395
[14May2025 16:04:29.655] [Server thread/INFO] [net.minecraft.server.MinecraftServer/]: [Not Secure] <Anonmouse> xay xong dc chua :))
[14May2025 16:05:53.382] [Server thread/INFO] [net.minecraft.server.MinecraftServer/]: Umi was slain by The Anomaly
[14May2025 16:06:49.733] [Server thread/INFO] [net.minecraft.server.MinecraftServer/]: [Not Secure] <Umi> ei giết con Anomaly đc ko
[14May2025 16:06:58.664] [Server thread/INFO] [net.minecraft.server.MinecraftServer/]: [Not Secure] <Umi> nó sau nhà kìa
[14May2025 16:07:03.292] [Server thread/INFO] [net.minecraft.server.MinecraftServer/]: [Not Secure] <Anonmouse> :))
[14May2025 16:07:07.010] [Server thread/INFO] [net.minecraft.server.MinecraftServer/]: [Not Secure] <Anonmouse> du no ra truoc
[14May2025 16:07:09.889] [Server thread/INFO] [net.minecraft.server.MinecraftServer/]: [Not Secure] <Anonmouse> an toan hon
[14May2025 16:07:12.648] [Server thread/INFO] [net.minecraft.server.MinecraftServer/]: [Not Secure] <Umi> Anomaly sau nhà
[14May2025 16:07:55.118] [Server thread/INFO] [com.lgow.endofherobrine.entity.herobrine.AbstractHerobrine/]: LURKER spawned at BlockPos{x=-560, y=72, z=-1533}
[14May2025 16:07:55.160] [Server thread/INFO] [net.minecraft.server.MinecraftServer/]: [Not Secure] <Umi> giw
[14May2025 16:08:18.291] [Server thread/INFO] [net.minecraft.server.MinecraftServer/]: [Not Secure] <Umi> sợ @@
[14May2025 16:10:35.649] [Server thread/INFO] [net.minecraft.server.MinecraftServer/]: [Not Secure] <Umi> chế bảng hiệu kiểu j nhể
[14May2025 16:10:44.142] [Server thread/INFO] [net.minecraft.server.MinecraftServer/]: [Not Secure] <secgay> ra ban che tao co hien ct ma
[14May2025 16:10:44.301] [Server thread/INFO] [net.minecraft.server.MinecraftServer/]: [Not Secure] <Anonmouse> go vs que
[14May2025 16:14:38.055] [Server thread/INFO] [net.minecraft.server.MinecraftServer/]: Umi has made the advancement [A Seedy Place]
[14May2025 16:15:50.436] [Server thread/INFO] [net.minecraft.server.network.ServerGamePacketListenerImpl/]: GrayWolf lost connection: Disconnected
[14May2025 16:15:50.438] [Server thread/INFO] [net.minecraft.server.MinecraftServer/]: GrayWolf left the game
[14May2025 16:15:50.443] [Server thread/INFO] [voicechat/]: [voicechat] Disconnecting client GrayWolf
[14May2025 16:16:18.489] [Server thread/INFO] [net.minecraft.server.network.ServerGamePacketListenerImpl/]: secgay lost connection: Disconnected
[14May2025 16:16:18.489] [Server thread/INFO] [net.minecraft.server.MinecraftServer/]: secgay left the game
[14May2025 16:16:18.492] [Server thread/INFO] [voicechat/]: [voicechat] Disconnecting client secgay
[14May2025 16:16:35.891] [Server thread/INFO] [net.minecraft.server.MinecraftServer/]: [Not Secure] <Umi> 2 ông kia nghỉ à
[14May2025 16:16:50.554] [Server thread/INFO] [net.minecraft.server.MinecraftServer/]: [Not Secure] <Memev0v> trung nghi hai thi ko bt
[14May2025 16:17:54.781] [Server thread/WARN] [net.minecraft.server.level.ServerLevel/]: Tried to add entity arphex:moth_shadow_clone but it was marked as removed already
[14May2025 16:18:58.338] [Server thread/INFO] [net.minecraft.server.MinecraftServer/]: [Not Secure] <Umi> 2 con Anomaly
[14May2025 16:19:02.000] [Server thread/INFO] [net.minecraft.server.MinecraftServer/]: [Not Secure] <Umi> sau nhà
[14May2025 16:19:04.642] [Server thread/INFO] [net.minecraft.server.MinecraftServer/]: [Not Secure] <Umi> ded
[14May2025 16:19:33.387] [Server thread/INFO] [net.minecraft.server.MinecraftServer/]: Umi has made the advancement [Suit Up]
[14May2025 16:25:20.804] [Server thread/INFO] [net.minecraft.server.MinecraftServer/]: [Not Secure] <Anonmouse> XONG MAY FARM CHUA
[14May2025 16:25:23.557] [Server thread/INFO] [net.minecraft.server.MinecraftServer/]: [Not Secure] <Anonmouse> PHU XAY NE
[14May2025 16:25:47.945] [Server thread/INFO] [net.minecraft.server.MinecraftServer/]: [Not Secure] <Umi> 2 con Anomaly sau nhà :)))
[14May2025 16:25:52.348] [Server thread/INFO] [net.minecraft.server.MinecraftServer/]: [Not Secure] <Anonmouse> :))
[14May2025 16:25:53.840] [Server thread/INFO] [net.minecraft.server.MinecraftServer/]: [Not Secure] <Umi> xây đc thì xây :))))
[14May2025 16:25:54.093] [Server thread/INFO] [net.minecraft.server.MinecraftServer/]: [Not Secure] <Anonmouse> OK
[14May2025 16:27:44.332] [Server thread/INFO] [net.minecraft.server.MinecraftServer/]: Anonmouse was slain by The Anomaly
[14May2025 16:28:58.572] [Server thread/INFO] [com.lgow.endofherobrine.entity.herobrine.AbstractHerobrine/]: LURKER spawned at BlockPos{x=-551, y=73, z=-1494}
[14May2025 16:29:18.894] [Server thread/INFO] [net.minecraft.server.MinecraftServer/]: Anonmouse died
[14May2025 16:29:24.280] [Server thread/INFO] [net.minecraft.server.MinecraftServer/]: [Not Secure] <Umi> :)))
[14May2025 16:29:42.343] [Server thread/INFO] [net.minecraft.server.MinecraftServer/]: [Not Secure] <Umi> Vinh đâu r
[14May2025 16:29:44.689] [Server thread/INFO] [net.minecraft.server.MinecraftServer/]: [Not Secure] <Anonmouse> KNOCKER CUA M DO
[14May2025 16:30:16.836] [Server thread/INFO] [net.minecraft.server.MinecraftServer/]: [Not Secure] <Anonmouse> nha xay vip den dau toi ngu no cung co % spawn ra
[14May2025 16:32:30.158] [Server thread/INFO] [net.minecraft.server.MinecraftServer/]: [Not Secure] <Memev0v> t off nha
[14May2025 16:32:34.248] [Server thread/INFO] [net.minecraft.server.network.ServerGamePacketListenerImpl/]: Memev0v lost connection: Disconnected
[14May2025 16:32:34.248] [Server thread/INFO] [net.minecraft.server.MinecraftServer/]: Memev0v left the game
[14May2025 16:32:34.248] [Server thread/INFO] [voicechat/]: [voicechat] Disconnecting client Memev0v
[14May2025 16:32:48.072] [Server thread/INFO] [net.minecraft.server.MinecraftServer/]: [Not Secure] <Anonmouse> ok
[14May2025 16:37:31.386] [Server thread/INFO] [net.minecraft.server.MinecraftServer/]: Umi has made the advancement [Isn't It Iron Pick]
[14May2025 16:38:05.145] [Server thread/INFO] [net.minecraft.server.MinecraftServer/]: [Not Secure] <Umi> 4 phía thì lâu :DD
[14May2025 16:38:11.454] [Server thread/INFO] [net.minecraft.server.MinecraftServer/]: [Not Secure] <Umi> 2 tk làm đi :D
[14May2025 16:39:05.866] [Server thread/INFO] [net.minecraft.server.MinecraftServer/]: Umi fell while climbing
[14May2025 16:39:08.853] [Server thread/INFO] [net.minecraft.server.MinecraftServer/]: [Not Secure] <Anonmouse> ?
[14May2025 16:39:13.978] [Server thread/INFO] [net.minecraft.server.MinecraftServer/]: [Not Secure] <Umi> :D
[14May2025 16:40:33.624] [Server thread/INFO] [com.lgow.endofherobrine.entity.herobrine.AbstractHerobrine/]: BUILDER spawned at BlockPos{x=-541, y=71, z=-1549}
[14May2025 16:42:23.650] [Server thread/WARN] [net.minecraft.server.network.ServerGamePacketListenerImpl/]: Umi moved too quickly! -0.34677126723772744,-10.020721158825651,1.9615866009735328
[14May2025 16:42:27.693] [Server thread/WARN] [net.minecraft.server.network.ServerGamePacketListenerImpl/]: Umi was kicked for floating too long!
[14May2025 16:42:27.695] [Server thread/INFO] [net.minecraft.server.network.ServerGamePacketListenerImpl/]: Umi lost connection: Flying is not enabled on this server
[14May2025 16:42:27.695] [Server thread/INFO] [net.minecraft.server.MinecraftServer/]: Umi left the game
[14May2025 16:42:27.696] [Server thread/INFO] [voicechat/]: [voicechat] Disconnecting client Umi
[14May2025 16:42:27.748] [Server thread/WARN] [net.minecraft.network.Connection/]: handleDisconnection() called twice
[14May2025 16:42:46.631] [Server thread/INFO] [net.minecraft.server.players.PlayerList/]: Umi[/127.106.118.119:49960] logged in with entity id 24528 at (-545.5609009569954, 87.71249692018694, -1517.5898869014181)
[14May2025 16:42:46.644] [Server thread/INFO] [net.minecraft.server.MinecraftServer/]: Umi joined the game
[14May2025 16:42:48.952] [Server thread/INFO] [voicechat/]: [voicechat] Received secret request of Umi (18)
[14May2025 16:42:48.954] [Server thread/INFO] [voicechat/]: [voicechat] Sent secret to Umi
[14May2025 16:43:02.431] [VoiceChatPacketProcessingThread/INFO] [voicechat/]: [voicechat] Successfully authenticated player cef2b3ac-ff24-3d5d-86b5-c383d13b4045
[14May2025 16:43:03.412] [VoiceChatPacketProcessingThread/INFO] [voicechat/]: [voicechat] Successfully validated connection of player cef2b3ac-ff24-3d5d-86b5-c383d13b4045
[14May2025 16:43:03.416] [VoiceChatPacketProcessingThread/INFO] [voicechat/]: [voicechat] Player Umi (cef2b3ac-ff24-3d5d-86b5-c383d13b4045) successfully connected to voice chat
[14May2025 16:43:22.250] [Server thread/INFO] [net.minecraft.server.MinecraftServer/]: Umi died
[14May2025 16:46:47.100] [Server thread/INFO] [net.minecraft.server.MinecraftServer/]: Anonmouse fell while climbing
[14May2025 16:46:53.356] [Server thread/INFO] [net.minecraft.server.MinecraftServer/]: [Not Secure] <Umi> :D
[14May2025 16:47:00.591] [Server thread/INFO] [net.minecraft.server.MinecraftServer/]: [Not Secure] <Anonmouse> no mu t kho len vc
[14May2025 16:48:04.841] [Server thread/INFO] [net.minecraft.server.MinecraftServer/]: [Not Secure] <Umi> ko đc
[14May2025 16:48:10.340] [Server thread/INFO] [net.minecraft.server.MinecraftServer/]: [Not Secure] <Umi> phải xài loại này
[14May2025 16:50:50.255] [Server thread/INFO] [net.minecraft.server.network.ServerGamePacketListenerImpl/]: Anonmouse lost connection: Disconnected
[14May2025 16:50:50.255] [Server thread/INFO] [net.minecraft.server.MinecraftServer/]: Anonmouse left the game
[14May2025 16:50:50.256] [Server thread/INFO] [voicechat/]: [voicechat] Disconnecting client Anonmouse
[14May2025 16:50:50.280] [Server thread/INFO] [net.minecraft.server.network.ServerGamePacketListenerImpl/]: Umi lost connection: Disconnected
[14May2025 16:50:50.281] [Server thread/INFO] [net.minecraft.server.MinecraftServer/]: Umi left the game
[14May2025 16:50:50.283] [Server thread/INFO] [voicechat/]: [voicechat] Disconnecting client Umi
[14May2025 16:50:50.341] [Server thread/INFO] [net.minecraft.server.MinecraftServer/]: Stopping server
[14May2025 16:50:50.342] [Server thread/INFO] [net.minecraft.server.MinecraftServer/]: Saving players
[14May2025 16:50:50.344] [Server thread/INFO] [net.minecraft.server.MinecraftServer/]: Saving worlds
